3400921604696
3400921609080
3400921610550
3400921610840
3400921611731
3400921612790
3400921617535
3400921618075
3400921619195
3400921619546
3400921620726
3400921621266
3400921625929
3400921626001
3400921626179
3400921636116
3400921643497
3400921644098
3400921653663
3400921655674
3400921656794
3400921658286
3400921661477
3400921661538
3400921673074
3400921675894
3400921676266
3400921676327
3400921677447
3400921678918
3400921680058
3400921686951
3400921687262
3400921687491
3400921687552
3400921687613
3400921687781
3400921687842
3400921687903
3400921689914
3400921691924
3400921692525
3400921693065
3400921693126
3400921694994
3400921695137
3400921702903
3400921709476
3400921717631
3400921717921
3400921718812
3400921719123
3400921719642
3400921719932
3400921720471
3400921720822
3400921721362
3400921722314
3400921723953
3400921724325
3400921724783
3400921725094
3400921725384
3400921738681
3400921740233
3400921740813
3400921741292
3400921741704
3400921742183
3400921742763
3400921743364
3400921743883
3400921748857
3400921749229
3400921750058
3400921750577
3400921751239
3400921751987
3400921752649
3400921753820
3400921754131
3400921756661
3400921758733
3400921760453
3400921761405
3400921762693
3400921763645
3400921763935
3400921764246
3400921765717
3400921766196
3400921767728
3400921768268
3400921769678
3400921770278
3400921776133
3400921777024
3400921782165
3400921782455
3400921782745
3400921783056
3400921783285
3400921783575
3400921783926
3400921784237
3400921784695
3400921784985
3400921785296
3400921785586
3400921787719
3400921789089
3400921790030
3400921790269
3400921790788
3400921790900
3400921792102
3400921804201
3400921809633
3400921810813
3400921811353
3400921811704
3400921815085
3400921815146
3400921815894
3400921818048
3400921818796
3400921824131
3400921824360
3400921824599
3400921836776
3400921837896
3400921838329
3400921843750
3400921845761
3400921846133
3400921846423
3400921846652
3400921846881
3400921847543
3400921848083
3400921849844
3400921850215
3400921852165
3400921852516
3400921854466
3400921854817
3400921856538
3400921856996
3400921858259
3400921858778
3400921859379
3400921860559
3400921861099
3400921865462
3400921866063
3400921866643
3400921867244
3400921867992
3400921868654
3400921871845
3400921872217
3400921872965
3400921873337
3400921873856
3400921874396
3400921879599
3400921890945
3400921891195
3400921892086
3400921892208
3400921893038
3400921893328
3400921897579
3400921898989
3400921906257
3400921906608
3400921907209
3400921907377
3400921907667
3400921907728
3400921911978
3400921912289
3400921913521
3400921913989
3400921919783
3400921920154
3400921920383
3400921920505
3400921920734
3400921921045
3400921921564
3400921921793
3400921921915
3400921922226
3400921922684
3400921923056
3400921924527
3400921924695
3400921924756
3400921924817
3400921925647
3400921926767
3400921927719
3400921931211
3400921938074
3400921938364
3400921938593
3400921938715
3400921939255
3400921939545
3400921939606
3400921941784
3400921942156
3400921943856
3400921944167
3400921946697
3400921947298
3400921947359
3400921947588
3400921947649
3400921947700
3400921957754
3400921959246
3400921959536
3400921961256
3400921965919
3400921966688
3400921967289
3400921967920
3400921968170
3400921968521
3400921968699
3400921968989
3400921969122
3400921969412
3400921972542
3400921972603
3400921974492
3400921974782
3400921977516
3400921977806
3400921982596
3400921982657
3400921997507
3400922007892
3400922008844
3400922015767
3400922016078
3400922016887
3400922017198
3400922018720
3400922019031
3400922020389
3400922028026
3400922028484
3400922032108
3400922032337
3400922032856
3400922033167
3400922033747
3400922033808
3400922033976
3400922034287
3400922034348
3400922035987
3400922036069
3400922036298
3400922036359
3400922060941
3400922061313
3400922062723
3400922063034
3400922063492
3400922063782
3400922064093
3400922064444
3400922065274
3400922065625
3400922066806
3400922066974
3400922069067
3400922069128
3400922079004
3400922080062
3400922080871
3400922083544
3400922083605
3400922084664
3400922084893
3400922084954
3400922085265
3400922085845
3400922086385
3400922086736
3400922086965
3400922087337
3400922087566
3400922090009
3400922090467
3400922090818
3400922091129
3400922092829
3400922092997
3400922094489
3400922094779
3400922094830
3400922095080
3400922095141
3400922095202
3400922095370
3400922095950
3400922096032
3400922096261
3400922096322
3400922097152
3400922097381
3400922099224
3400922099682
3400922099972
3400922100494
3400922104638
3400922104928
3400922105239
3400922105529
3400922108421
3400922108599
3400922108650
3400922108711
3400922110721
3400922110950
3400922125459
3400922125510
3400922132204
3400922132952
3400922134215
3400922136165
3400922137285
3400922137926
3400922138466
3400922139128
3400922142609
3400922142838
3400922143149
3400922143378
3400922144320
3400922144498
3400922144559
3400922152134
3400922152363
3400922153025
3400922153193
3400922159287
3400922159577
3400922160009
3400922161297
3400922161358
3400922161419
3400922161587
3400922161648
3400922161709
3400922161938
3400922162300
3400922162997
3400922163079
3400922163949
3400922164199
3400922164489
3400922165141
3400922165660
3400922166261
3400922167152
3400922167381
3400922167961
3400922168043
3400922168562
3400922168852
3400922169163
3400922169453
3400922178967
3400922179049
3400922179339
3400922179629
3400922182988
3400922183121
3400922183411
3400922183589
3400922183640
3400922190624
3400922190792
3400922190853
3400922190914
3400922191164
3400922191393
3400922191454
3400922191515
3400922191683
3400922191744
3400922191805
3400922197319
3400922197487
3400922197548
3400922197609
3400922197777
3400922198088
3400922198149
3400922198729
3400922198897
3400922200712
3400922201252
3400922203492
3400922203904
3400922206226
3400922206745
3400922208695
3400922214610
3400922227337
3400922227917
3400922228518
3400922232188
3400922233888
3400922253701
3400922253930
3400922257204
3400922258034
3400922258324
3400922258492
3400922262345
3400922262406
3400922262635
3400922262864
3400922263526
3400922264127
3400922266718
3400922269900
3400922274751
3400922275123
3400922276762
3400922276823
3400922278254
3400922278544
3400922279206
3400922279664
3400922280493
3400922280783
3400922281674
3400922282046
3400922284286
3400922284576
3400922284927
3400922285238
3400922285818
3400922296753
3400922297125
3400922298306
3400922298825
3400922300177
3400922300696
3400922301938
3400922302300
3400922302768
3400922303079
3400922303420
3400922312583
3400922313016
3400922313993
3400922314594
3400922315317
3400922315836
3400922316208
3400922316376
3400922316437
3400922316666
3400922316727
3400922316895
3400922321288
3400922324241
3400922324821
3400922325941
3400922328034
3400922328553
3400922329154
3400922329444
3400922333984
3400922334295
3400922334585
3400922339788
3400922340210
3400922344690
3400922344751
3400922345871
3400922345932
3400922347134
3400922347363
3400922351445
3400922352046
3400922357829
3400922358598
3400922361901
3400922362090
3400922364513
3400922364742
3400922365404
3400922366005
3400922366524
3400922367293
3400922367415
3400922368016
3400922368993
3400922371085
3400922371436
3400922371955
3400922372556
3400922376639
3400922377001
3400922377759
3400922379302
3400922381480
3400922381602
3400922382142
3400922385563
3400922385624
3400922394909
3400922397450
3400922399003
3400922399980
3400922400792
3400922400853
3400922402406
3400922403526
3400922403816
3400922406947
3400922407029
3400922407197
3400922407258
3400922407487
3400922407548
3400922408897
3400922409498
3400922412689
3400922413051
3400922414461
3400922414690
3400922414751
3400922414980
3400922415291
3400922415413
3400922415703
3400922419206
3400922425009
3400922438764
3400922438825
3400922439655
3400922439716
3400922443447
3400922443966
3400922444277
3400922444796
3400922445229
3400922445809
3400922446400
3400922448701
3400922448879
3400922448930
3400922449012
3400922453842
3400922457116
3400922457406
3400922459127
3400922459356
3400922460765
3400922460994
3400922461076
3400922461366
3400922462257
3400922463438
3400922465678
3400922472362
3400922473192
3400922474373
3400922480237
3400922487441
3400922487670
3400922489452
3400922490403
3400922491462
3400922491752
3400922495194
3400922497556
3400926602901
3400926603380
3400926604103
3400926604622
3400926605452
3400926605803
3400926606114
3400926615048
3400926615109
3400926615277
3400926617578
3400926617929
3400926618230
3400926618520
3400926618698
3400926619121
3400926622602
3400926629007
3400926629526
3400926629984
3400926630065
3400926630126
3400926630294
3400926630355
3400926630416
3400926630584
3400926632076
3400926632366
3400926632717
3400926632885
3400926633257
3400926633608
3400926634377
3400926634896
3400926635558
3400926635909
3400926636210
3400926643881
3400926644024
3400926644192
3400926644253
3400926644482
3400926644543
3400926648046
3400926648275
3400926648794
3400926648855
3400926649807
3400926649975
3400926656430
3400926657901
3400926658441
3400926659332
3400926659912
3400926661281
3400926661632
3400926663414
3400926663872
3400926666026
3400926668327
3400926669966
3400926674359
3400926675530
3400926675769
3400926675820
3400926675998
3400926676599
3400926676650
3400926676711
3400926676889
3400926677312
3400926677602
3400926677770
3400926677831
3400926678081
3400926678142
3400926679552
3400926681852
3400926683115
3400926683283
3400926686475
3400926687137
3400926687717
3400926688318
3400926688837
3400926689667
3400926690038
3400926690267
3400926690328
3400926690496
3400926690557
3400926690618
3400926690908
3400926691158
3400926692100
3400926704209
3400926704728
3400926704896
3400926704957
3400926708689
3400926717506
3400926721466
3400926722357
3400926722418
3400926736484
3400926736545
3400926738266
3400926742638
3400926743697
3400926744298
3400926752392
3400926752514
3400926752682
3400926754983
3400926762568
3400926762797
3400926765750
3400926766351
3400926766580
3400926766870
3400926774974
3400926775346
3400926775407
3400926775575
3400926775636
3400926775865
3400926775926
3400926776008
3400926776237
3400926776527
3400926776756
3400926776985
3400926777128
3400926779078
3400926779658
3400926780029
3400926780548
3400926781088
3400926781668
3400926782498
3400926783501
3400926783679
3400926784102
3400926787172
3400926788414
3400926788704
3400926788872
3400926788933
3400926789015
3400926789183
3400926791483
3400926791834
3400926792374
3400926797348
3400926803063
3400926803124
3400926803292
3400926803933
3400926804305
3400926805364
3400926807894
3400926808266
3400926808907
3400926809157
3400926809737
3400926810047
3400926812577
3400926813529
3400926814700
3400926818890
3400926819033
3400926822453
3400926823405
3400926825874
3400926826017
3400926826765
3400926826826
3400926827137
3400926827427
3400926827885
3400926827946
3400926830038
3400926830618
3400926831097
3400926831387
3400926831738
3400926832278
3400926832797
3400926838072
3400926844165
3400926844516
3400926851897
3400926853389
3400926857004
3400926857981
3400926860073
3400926861025
3400926861193
3400926863036
3400926879815
3400926881764
3400926882884
3400926884376
3400926885328
3400926886448
3400926887100
3400926887339
3400926887797
3400926887919
3400926888169
3400926888398
3400926888688
3400926889050
3400926889401
3400926889920
3400926890988
3400926891060
3400926893071
3400926896492
3400926899745
3400926903169
3400926904340
3400926904630
3400926904869
3400926905170
3400926907990
3400926908362
3400926909543
3400926910082
3400926910891
3400926911324
3400926911904
3400926912383
3400926913045
3400926913564
3400926914226
3400926914684
3400926915285
3400926915636
3400926921149
3400926929473
3400926929992
3400926931193
3400926933265
3400926933906
3400926934446
3400926939939
3400926941130
3400926941420
3400926941598
3400926941710
3400926942489
3400926943141
3400926943202
3400926943370
3400926943431
3400926943660
3400926943950
3400926944261
3400926944551
3400926944902
3400926947163
3400926947743
3400926949006
3400926950583
3400926951184
3400926951306
3400926952365
3400926954376
3400926955786
3400926955847
3400926955908
3400926957278
3400926957568
3400926958978
3400926959340
3400926961121
3400926963422
3400926965204
3400926965433
3400926965723
3400926965952
3400926967505
3400926971175
3400926971465
3400926976439
3400926976729
3400926977849
3400926980511
3400926980801
3400926982751
3400926983062
3400926983291
3400926983413
3400926983642
3400926983871
3400926984182
3400926984304
3400926987084
3400926987145
3400926987206
3400926987374
3400926987435
3400926989507
3400926990626
3400926990916
3400926991746
3400926991975
3400926992576
3400926992927
3400926993467
3400926993528
3400926993757
3400926994129
3400926994297
3400926994938
3400926995010
3400926995249
3400926997250
3400927321504
3400927323973
3400927325816
3400927326066
3400927326295
3400927328428
3400927328596
3400927329029
3400927329487
3400927333279
3400927334399
3400927335570
3400927336003
3400927341373
3400927341892
3400927344046
3400927344565
3400927346866
3400927347238
3400927349010
3400927350078
3400927350368
3400927352898
3400927352959
3400927356513
3400927356681
3400927357053
3400927366338
3400927366796
3400927367168
3400927369001
3400927369179
3400927369230
3400927369469
3400927369520
3400927369810
3400927369988
3400927370069
3400927370120
3400927370359
3400927370588
3400927371301
3400927372070
3400927372421
3400927372889
3400927373251
3400927374951
3400927375491
3400927377044
3400927377563
3400927378973
3400927379116
3400927379574
3400927379864
3400927380525
3400927380754
3400927381935
3400927383946
3400927384028
3400927384196
3400927384257
3400927384318
3400927384486
3400927389801
3400927390579
3400927390920
3400927396083
3400927397264
3400927398216
3400927399794
3400927400209
3400927400896
3400927401497
3400927401619
3400927402098
3400927402159
3400927402210
3400927403279
3400927403620
3400927404221
3400927404511
3400927405051
3400927405341
3400927405921
3400927406232
3400927406461
3400927406522
3400927406690
3400927406751
3400927406812
3400927406980
3400927407123
3400927407352
3400927407871
3400927408472
3400927409653
3400927410253
3400927410772
3400927413445
3400927414046
3400927417757
3400927417818
3400927417986
3400927418068
3400927418129
3400927418358
3400927418419
3400927418938
3400927419249
3400927419478
3400927419829
3400927421020
3400927421259
3400927422959
3400927423031
3400927424151
3400927424212
3400927426391
3400927426452
3400927427343
3400927428005
3400927428234
3400927428692
3400927432484
3400927436048
3400927436277
3400927440298
3400927440359
3400927440588
3400927440649
3400927440878
3400927440939
3400927441189
3400927441240
3400927441530
3400927441769
3400927442070
3400927442131
3400927442599
3400927442650
3400927443190
3400927443480
3400927448393
3400927449864
3400927450464
3400927450983
3400927451355
3400927451874
3400927452246
3400927452826
3400927455667
3400927456497
3400927458569
3400927459160
3400927459689
3400927460579
3400927461002
3400927463181
3400927463532
3400927465772
3400927466205
3400927468674
3400927469107
3400927471346
3400927471865
3400927473937
3400927474309
3400927476778
3400927479441
3400927480041
3400927480331
3400927480799
3400927480850
3400927480911
3400927481390
3400927481451
3400927481512
3400927481680
3400927481741
3400927481970
3400927489846
3400927490095
3400927494987
3400927495359
3400927495700
3400927496189
3400927496530
3400927497070
3400927497360
3400927497889
3400927497940
3400927498190
3400927498541
3400927499432
3400927499890
3400927500473
3400927501425
3400927501944
3400927503726
3400927505676
3400927513541
3400927517044
3400927517105
3400927517273
3400927517334
3400927517563
3400927517624
3400927517792
3400927517853
3400927517914
3400927518164
3400927518805
3400927519284
3400927520006
3400927521126
3400927534362
3400927534713
3400927536953
3400927537493
3400927539626
3400927540165
3400927542466
3400927543876
3400927545368
3400927547379
3400927547669
3400927549670
3400927549731
3400927550041
3400927550102
3400927550560
3400927550621
3400927550911
3400927551161
3400927551451
3400927552342
3400927552403
3400927552571
3400927552632
3400927552861
3400927552922
3400927553004
3400927556883
3400927556944
3400927557835
3400927558726
3400927559266
3400927559495
3400927559556
3400927559617
3400927559785
3400927559846
3400927559907
3400927560446
3400927560675
3400927560965
3400927561108
3400927561337
3400927561627
3400927562396
3400927563119
3400927564239
3400927564529
3400927564758
3400927564987
3400927565410
3400927565649
3400927565700
3400927565878
3400927565939
3400927566011
3400927566479
3400927567070
3400927567131
3400927567711
3400927568312
3400927568480
3400927569432
3400927570032
3400927570322
3400927570902
3400927571091
3400927571152
3400927571213
3400927576706
3400927576874
3400927578885
3400927580666
3400927580956
3400927581328
3400927584459
3400927584510
3400927584749
3400927584800
3400927585050
3400927585111
3400927585340
3400927585401
3400927586231
3400927586750
3400927587290
3400927587351
3400927587412
3400927587580
3400927587641
3400927587702
3400927587870
3400927587931
3400927588990
3400927589713
3400927589881
3400927590313
3400927593093
3400927593154
3400927593215
3400927597527
3400927597756
3400927598357
3400927598586
3400927603303
3400927603471
3400927603822
3400927604362
3400927605772
3400927607035
3400927607264
3400927607325
3400927607493
3400927607554
3400927607615
3400927607783
3400927607905
3400927609565
3400927610226
3400927610394
3400927610974
3400927611575
3400927611926
3400927619960
3400927620102
3400927622281
3400927622403
3400927622632
3400927622922
3400927623004
3400927626074
3400927626425
3400927626654
3400927626715
3400927626883
3400927626944
3400927629037
3400927629327
3400927629617
3400927629846
3400927636240
3400927637131
3400927642623
3400927642791
3400927642913
3400927643514
3400927643682
3400927643743
3400927646584
3400927651267
3400927651328
3400927652677
3400927652738
3400927653568
3400927653629
3400927654398
3400927654459
3400927656989
3400927657702
3400927658532
3400927665516
3400927671029
3400927671197
3400927672897
3400927672958
3400927673559
3400927673849
3400927674150
3400927674440
3400927674730
3400927675102
3400927687976
3400927689000
3400927690129
3400927690648
3400927693199
3400927696091
3400927697104
3400927701917
3400927702686
3400927703287
3400927703577
3400927704697
3400927705120
3400927705298
3400927706998
3400927707070
3400927707360
3400927708022
3400927708190
3400927708251
3400927708312
3400927710780
3400927711091
3400927711503
3400927711961
3400927712272
3400927712623
3400927712913
3400927713392
3400927713972
3400927714573
3400927714634
3400927721847
3400927722097
3400927723278
3400927723629
3400927723858
3400927724749
3400927725869
3400927726989
3400927727122
3400927727931
3400927728822
3400927729652
3400927729881
3400927730023
3400927731082
3400927731204
3400927731433
3400927732034
3400927735684
3400927737756
3400927738067
3400927738357
3400927738586
3400927738647
3400927738708
3400927738876
3400927738937
3400927739309
3400927740428
3400927740596
3400927740657
3400927741548
3400927748752
3400927749872
3400927749933
3400927750014
3400927750182
3400927750243
3400927750304
3400927750472
3400927750533
3400927750762
3400927751653
3400927753725
3400927755095
3400927756337
3400927757976
3400927759239
3400927760587
3400927783760
3400927785023
3400927786372
3400927787782
3400927789045
3400927790454
3400927791635
3400927793066
3400927793875
3400927794247
3400927794766
3400927797149
3400927797668
3400927797958
3400927798269
3400927798559
3400927799211
3400927800023
3400927800481
3400927800542
3400927800832
3400927801082
3400927801143
3400927801891
3400927802492
3400927803215
3400927805455
3400927808296
3400927808708
3400927809187
3400927809538
3400927810596
3400927810947
3400927811609
3400927812378
3400927812897
3400927813030
3400927813320
3400927814150
3400927817922
3400927818004
3400927818172
3400927818752
3400927821714
3400927822544
3400927823435
3400927824494
3400927824845
3400927827747
3400927830068
3400927831997
3400927832710
3400927835841
3400927836503
3400927838163
3400927838224
3400927838514
3400927838682
3400927838743
3400927839405
3400927839863
3400927840463
3400927840753
3400927841293
3400927841583
3400927841934
3400927842016
3400927842535
3400927842825
3400927847158
3400927847509
3400927847738
3400927848049
3400927848339
3400927851179
3400927851469
3400927851810
3400927852299
3400927855023
3400927855191
3400927855252
3400927855313
3400927856372
3400927856723
3400927857034
3400927861055
3400927861284
3400927870859
3400927870910
3400927871221
3400927871399
3400927871689
3400927873690
3400927875472
3400927875533
3400927875991
3400927880216
3400927883637
3400927886768
3400927886829
3400927886997
3400927887079
3400927887598
3400927887659
3400927887710
3400927887888
3400927888601
3400927889080
3400927889370
3400927889721
3400927890031
3400927892851
3400927892912
3400927893223
3400927893391
3400927894633
3400927895234
3400927895814
3400927896354
3400927896873
3400927897306
3400927898075
3400927898655
3400927899195
3400927899607
3400927902659
3400927903021
3400927903199
3400927903250
3400927908163
3400927909924
3400927910524
3400927910982
3400927913655
3400927913716
3400927914485
3400927916267
3400927916786
3400927916908
3400927918100
3400927918797
3400927918858
3400927919800
3400927920059
3400927922640
3400927923760
3400927924880
3400927925832
3400927926372
3400927926662
3400927927034
3400927927492
3400927928383
3400927928505
3400927928734
3400927928963
3400927929045
3400927929335
3400927929625
3400927929915
3400927930683
3400927931116
3400927931284
3400927931864
3400927931925
3400927932526
3400927932694
3400927933127
3400927933295
3400927937729
3400927938269
3400927938320
3400927938498
3400927938849
3400927939099
3400927939150
3400927939211
3400927939389
3400927939440
3400927939501
3400927939730
3400927940040
3400927942921
3400927943232
3400927943461
3400927943751
3400927943812
3400927944123
3400927944352
3400927944703
3400927946073
3400927946363
3400927946424
3400927946653
3400927946943
3400927947025
3400927948954
3400927949036
3400927949265
3400927949326
3400927949555
3400927949784
3400927952166
3400927952456
3400927954177
3400927954528
3400927955709
3400927956010
3400927956478
3400927959660
3400927959721
3400927960321
3400927960499
3400927966064
3400927966705
3400927966873
3400927967184
3400927968136
3400927969317
3400927969775
3400927970207
3400927971785
3400927973109
3400927973628
3400927974397
3400927974977
3400927975288
3400927975349
3400927975578
3400927975639
3400927976469
3400927977411
3400927977879
3400927983153
3400927983672
3400927989995
3400927990656
3400927996979
3400927997570
3400927998232
3400927998980
3400927999703
3400928000125
3400928000415
3400928000873
3400928000934
3400928001016
3400928001184
3400928001245
3400928001306
3400928001535
3400928001825
3400928004895
3400928004956
3400928005328
3400928005496
3400928005557
3400928005618
3400928005786
3400928005847
3400928008510
3400928009050
3400928009579
3400928010179
3400928010759
3400928011299
3400928011701
3400928019516
3400928020116
3400928020635
3400928021236
3400928021694
3400928021816
3400928022127
3400928022417
3400928022585
3400928022707
3400928023995
3400928024886
3400928025777
3400928028389
3400928028440
3400928030399
3400928030450
3400928099655
3400928099709
3400928099716
3400928099723
3400928099761
3400928099792
3400928099815
3400928099839
3400928099907
3400928099914
3400928099945
3400928099952
3400928099976
3400928099983
3400930000649
3400930000854
3400930000885
3400930000915
3400930000922
3400930000946
3400930001196
3400930001226
3400930001264
3400930001332
3400930001370
3400930001417
3400930001424
3400930001431
3400930001479
3400930001790
3400930002209
3400930002230
3400930002278
3400930002285
3400930002353
3400930002377
3400930002384
3400930002452
3400930002926
3400930003060
3400930003220
3400930003305
3400930003381
3400930003459
3400930003534
3400930003626
3400930003657
3400930003671
3400930003732
3400930003763
3400930003985
3400930004036
3400930004104
3400930004227
3400930004241
3400930004258
3400930004265
3400930004272
3400930004289
3400930004319
3400930004371
3400930004500
3400930004517
3400930004548
3400930004555
3400930004562
3400930004579
3400930004593
3400930004609
3400930004647
3400930004678
3400930005248
3400930005286
3400930005293
3400930005460
3400930005521
3400930005576
3400930005637
3400930005682
3400930005712
3400930005873
3400930005989
3400930006009
3400930006023
3400930006047
3400930006238
3400930006283
3400930006344
3400930006405
3400930006467
3400930006528
3400930007303
3400930007327
3400930007631
3400930007716
3400930007723
3400930007730
3400930007990
3400930008102
3400930008218
3400930008232
3400930008256
3400930008386
3400930008713
3400930008720
3400930008737
3400930008775
3400930008829
3400930008843
3400930008867
3400930008881
3400930008898
3400930008966
3400930009291
3400930009543
3400930009567
3400930009666
3400930009734
3400930009772
3400930009949
3400930010129
3400930010242
3400930010266
3400930010310
3400930010334
3400930010365
3400930010389
3400930010419
3400930010433
3400930010457
3400930010488
3400930010600
3400930010617
3400930010624
3400930010631
3400930010662
3400930010693
3400930010716
3400930010822
3400930010853
3400930010990
3400930011003
3400930011041
3400930011096
3400930011102
3400930011515
3400930011539
3400930011638
3400930011669
3400930011867
3400930011881
3400930011942
3400930011997
3400930012000
3400930012024
3400930012048
3400930012093
3400930012109
3400930012116
3400930012123
3400930012130
3400930012147
3400930012154
3400930012178
3400930012192
3400930012208
3400930012215
3400930012260
3400930012284
3400930012307
3400930012314
3400930012338
3400930012376
3400930012437
3400930012482
3400930012635
3400930012659
3400930013434
3400930013458
3400930013632
3400930013649
3400930013687
3400930013748
3400930013755
3400930013786
3400930013793
3400930013823
3400930013847
3400930013878
3400930013953
3400930013984
3400930014035
3400930014066
3400930014103
3400930014202
3400930015193
3400930015223
3400930016060
3400930016091
3400930016114
3400930016169
3400930016213
3400930016237
3400930016312
3400930016343
3400930016367
3400930016381
3400930016404
3400930016428
3400930016442
3400930016466
3400930016671
3400930016732
3400930016749
3400930016930
3400930017241
3400930017258
3400930017319
3400930017357
3400930017401
3400930017456
3400930017531
3400930017548
3400930017586
3400930017609
3400930017630
3400930017852
3400930018064
3400930018071
3400930018118
3400930018125
3400930018149
3400930018163
3400930018187
3400930018200
3400930018224
3400930018248
3400930018514
3400930018552
3400930018590
3400930018613
3400930018644
3400930018712
3400930018804
3400930018941
3400930018958
3400930018972
3400930019207
3400930019276
3400930019290
3400930019344
3400930019467
3400930019726
3400930019764
3400930019825
3400930020005
3400930020012
3400930020029
3400930020197
3400930020227
3400930020258
3400930020296
3400930020326
3400930020364
3400930020395
3400930020432
3400930020463
3400930020494
3400930020524
3400930020555
3400930020609
3400930020647
3400930020784
3400930021095
3400930021101
3400930021125
3400930021132
3400930021149
3400930021309
3400930021354
3400930021378
3400930021477
3400930021484
3400930021545
3400930021583
3400930021613
3400930021668
3400930021880
3400930021910
3400930021989
3400930022030
3400930022047
3400930022290
3400930022535
3400930022542
3400930022559
3400930022566
3400930022573
3400930022597
3400930022627
3400930022634
3400930022689
3400930022733
3400930022771
3400930022818
3400930022849
3400930022863
3400930023341
3400930023433
3400930023631
3400930023648
3400930023655
3400930023778
3400930023792
3400930023808
3400930023815
3400930023839
3400930023846
3400930023853
3400930023860
3400930023877
3400930023884
3400930023891
3400930023907
3400930024157
3400930024164
3400930024218
3400930024249
3400930024263
3400930024270
3400930024300
3400930024317
3400930024522
3400930024560
3400930025512
3400930025536
3400930025666
3400930025680
3400930025819
3400930025826
3400930025901
3400930025918
3400930026076
3400930026106
3400930026120
3400930026151
3400930026175
3400930026250
3400930026366
3400930026571
3400930026793
3400930026878
3400930026946
3400930026991
3400930027103
3400930027240
3400930027271
3400930027288
3400930027301
3400930027356
3400930027363
3400930027547
3400930027691
3400930027851
3400930027981
3400930028117
3400930028254
3400930028322
3400930028377
3400930028391
3400930028407
3400930028414
3400930028438
3400930028490
3400930028513
3400930028520
3400930028537
3400930028582
3400930028643
3400930028667
3400930028940
3400930028971
3400930029190
3400930029220
3400930029336
3400930029435
3400930029442
3400930029480
3400930029541
3400930029589
3400930029596
3400930029749
3400930030028
3400930030035
3400930030202
3400930030523
3400930030622
3400930030721
3400930031162
3400930031353
3400930031421
3400930031483
3400930031568
3400930031650
3400930031667
3400930031704
3400930031711
3400930031742
3400930031810
3400930031896
3400930031902
3400930031971
3400930032190
3400930032244
3400930032343
3400930032534
3400930032664
3400930032671
3400930032749
3400930032886
3400930032916
3400930032954
3400930033074
3400930033111
3400930033234
3400930033265
3400930033289
3400930033302
3400930033326
3400930033371
3400930033395
3400930033630
3400930033661
3400930034040
3400930034125
3400930034217
3400930034378
3400930034392
3400930035221
3400930035269
3400930035290
3400930035320
3400930035375
3400930035405
3400930035436
3400930035474
3400930035504
3400930035528
3400930035559
3400930035603
3400930035757
3400930036228
3400930036716
3400930036945
3400930036952
3400930036969
3400930037553
3400930037577
3400930037614
3400930037652
3400930037737
3400930037799
3400930037812
3400930037843
3400930037867
3400930037904
3400930037911
3400930037928
3400930037997
3400930038017
3400930038055
3400930038291
3400930038307
3400930038345
3400930038352
3400930038390
3400930038420
3400930038536
3400930038628
3400930038864
3400930038918
3400930039106
3400930039175
3400930039243
3400930039304
3400930039366
3400930039434
3400930039519
3400930039540
3400930039939
3400930039946
3400930040027
3400930040034
3400930040072
3400930040096
3400930040119
3400930040133
3400930040140
3400930040171
3400930040188
3400930040218
3400930040249
3400930040669
3400930040768
3400930040775
3400930040805
3400930040812
3400930040881
3400930040928
3400930040935
3400930041000
3400930041017
3400930041079
3400930041093
3400930041123
3400930041130
3400930041321
3400930041352
3400930041369
3400930041406
3400930041420
3400930041475
3400930041499
3400930041550
3400930041604
3400930041888
3400930041963
3400930042205
3400930042380
3400930042441
3400930042489
3400930042601
3400930042625
3400930042687
3400930042717
3400930042724
3400930043110
3400930043226
3400930043257
3400930043264
3400930043288
3400930043295
3400930043301
3400930043431
3400930043462
3400930043523
3400930043578
3400930043738
3400930043745
3400930044186
3400930044384
3400930044421
3400930044445
3400930044452
3400930044520
3400930044544
3400930044599
3400930044605
3400930044629
3400930044650
3400930044674
3400930045138
3400930045329
3400930045343
3400930045350
3400930045404
3400930045411
3400930045589
3400930045602
3400930045626
3400930045640
3400930045695
3400930045725
3400930045749
3400930045848
3400930045862
3400930045947
3400930046050
3400930046081
3400930046135
3400930046173
3400930046258
3400930046272
3400930046326
3400930046333
3400930046340
3400930046517
3400930046531
3400930046555
3400930046579
3400930047002
3400930047248
3400930047354
3400930047477
3400930047507
3400930047613
3400930047644
3400930047651
3400930047934
3400930048078
3400930048252
3400930048306
3400930048351
3400930049808
3400930049853
3400930049976
3400930050019
3400930050132
3400930050187
3400930050309
3400930050347
3400930050354
3400930050415
3400930050514
3400930050538
3400930052068
3400930052440
3400930052860
3400930053065
3400930053102
3400930053225
3400930053263
3400930053287
3400930053393
3400930053447
3400930053621
3400930053645
3400930053652
3400930053669
3400930053676
3400930053683
3400930053744
3400930053775
3400930053812
3400930053843
3400930053898
3400930053935
3400930054093
3400930054154
3400930054253
3400930054314
3400930054390
3400930054451
3400930054642
3400930054673
3400930054703
3400930054734
3400930054765
3400930054796
3400930055601
3400930055953
3400930056196
3400930056202
3400930056509
3400930056561
3400930056608
3400930056653
3400930056707
3400930056738
3400930056783
3400930056806
3400930056844
3400930056882
3400930056899
3400930056943
3400930057018
3400930057063
3400930057117
3400930057124
3400930057148
3400930057377
3400930057391
3400930057414
3400930057728
3400930057742
3400930057773
3400930057797
3400930057803
3400930057827
3400930057834
3400930057926
3400930057988
3400930058350
3400930058398
3400930058428
3400930058459
3400930058497
3400930058510
3400930058589
3400930058725
3400930058732
3400930058749
3400930058756
3400930058763
3400930058787
3400930058794
3400930058824
3400930058886
3400930058930
3400930058978
3400930058992
3400930059036
3400930059050
3400930059104
3400930059166
3400930059197
3400930059517
3400930059531
3400930059555
3400930059562
3400930059586
3400930059609
3400930059654
3400930059685
3400930059692
3400930059708
3400930059760
3400930059791
3400930059814
3400930059821
3400930059838
3400930059845
3400930059876
3400930059968
3400930060025
3400930060049
3400930060056
3400930060063
3400930060070
3400930060087
3400930060117
3400930060124
3400930060148
3400930060179
3400930060193
3400930060216
3400930060223
3400930060247
3400930060308
3400930060346
3400930060391
3400930060520
3400930060568
3400930060629
3400930060650
3400930060698
3400930060704
3400930060711
3400930060728
3400930060735
3400930060759
3400930060797
3400930060827
3400930060988
3400930060995
3400930061060
3400930061077
3400930061107
3400930061121
3400930061138
3400930061411
3400930061558
3400930061718
3400930061749
3400930061763
3400930061770
3400930061787
3400930062166
3400930062852
3400930062890
3400930062968
3400930063026
3400930063071
3400930063088
3400930063163
3400930063170
3400930063248
3400930063675
3400930063712
3400930063828
3400930063859
3400930063910
3400930064030
3400930064177
3400930064290
3400930064375
3400930064467
3400930064481
3400930064504
3400930064528
3400930064535
3400930064641
3400930064665
3400930064672
3400930065068
3400930065259
3400930065297
3400930065303
3400930065518
3400930065556
3400930065570
3400930065662
3400930065686
3400930065785
3400930065891
3400930066010
3400930066188
3400930066249
3400930066386
3400930066423
3400930066461
3400930066478
3400930066485
3400930066492
3400930066508
3400930066515
3400930066522
3400930066539
3400930066546
3400930066560
3400930066607
3400930066638
3400930066669
3400930066690
3400930066713
3400930066737
3400930066874
3400930066935
3400930067024
3400930067116
3400930067314
3400930067390
3400930067444
3400930067550
3400930067567
3400930067574
3400930067581
3400930067598
3400930067604
3400930067611
3400930067628
3400930067680
3400930067710
3400930067727
3400930067758
3400930067833
3400930067840
3400930067857
3400930067963
3400930067970
3400930068144
3400930068236
3400930068274
3400930068519
3400930068571
3400930068649
3400930068724
3400930068823
3400930068892
3400930068960
3400930069097
3400930069110
3400930069134
3400930069226
3400930069301
3400930069325
3400930069417
3400930069424
3400930069455
3400930069479
3400930069561
3400930069585
3400930069608
3400930070062
3400930070567
3400930070574
3400930070598
3400930070604
3400930071007
3400930071106
3400930071199
3400930071533
3400930071700
3400930071724
3400930071731
3400930071762
3400930071854
3400930071878
3400930071892
3400930071922
3400930072394
3400930072431
3400930072561
3400930072608
3400930072745
3400930072783
3400930072899
3400930072905
3400930072943
3400930073308
3400930073513
3400930073520
3400930073537
3400930073544
3400930073728
3400930073766
3400930073803
3400930073810
3400930073841
3400930073865
3400930073896
3400930073902
3400930073964
3400930073988
3400930074282
3400930074404
3400930074589
3400930074596
3400930074695
3400930074848
3400930074879
3400930074893
3400930074954
3400930074961
3400930074985
3400930074992
3400930075005
3400930075012
3400930075029
3400930075036
3400930075043
3400930075067
3400930075074
3400930075081
3400930075104
3400930075128
3400930075142
3400930075210
3400930075272
3400930075296
3400930075302
3400930075333
3400930075357
3400930075364
3400930076194
3400930076279
3400930076286
3400930076385
3400930076439
3400930076507
3400930076545
3400930076576
3400930076880
3400930076941
3400930076972
3400930077214
3400930077252
3400930077276
3400930077320
3400930077344
3400930077429
3400930077436
3400930077450
3400930077467
3400930077474
3400930077665
3400930077696
3400930077719
3400930077726
3400930077856
3400930077887
3400930077894
3400930077900
3400930077917
3400930077948
3400930078655
3400930078679
3400930078853
3400930078884
3400930078914
3400930078921
3400930078976
3400930079003
3400930079034
3400930079041
3400930079188
3400930079331
3400930079416
3400930079454
3400930079485
3400930079522
3400930079676
3400930079782
3400930079799
3400930079843
3400930080061
3400930080078
3400930080085
3400930080092
3400930080108
3400930080115
3400930080122
3400930080139
3400930080146
3400930080153
3400930080177
3400930080184
3400930080238
3400930080412
3400930080436
3400930080528
3400930080559
3400930080610
3400930080689
3400930080702
3400930080757
3400930080788
3400930080832
3400930081051
3400930081068
3400930081372
3400930081433
3400930081457
3400930081518
3400930081525
3400930081549
3400930081570
3400930081594
3400930081679
3400930081778
3400930081808
3400930081815
3400930081822
3400930081921
3400930082102
3400930082157
3400930082188
3400930082270
3400930082362
3400930082416
3400930082454
3400930082508
3400930082539
3400930082621
3400930082690
3400930082799
3400930082812
3400930082867
3400930082911
3400930083048
3400930083062
3400930083161
3400930083178
3400930083185
3400930083437
3400930083451
3400930083468
3400930083529
3400930083536
3400930083543
3400930083567
3400930083611
3400930083758
3400930083796
3400930084151
3400930084168
3400930084199
3400930084564
3400930084588
3400930084939
3400930084953
3400930084977
3400930085011
3400930085028
3400930085035
3400930085127
3400930085172
3400930085189
3400930085196
3400930085202
3400930085219
3400930085233
3400930085288
3400930085295
3400930085332
3400930085370
3400930085417
3400930085431
3400930085448
3400930085462
3400930085493
3400930085523
3400930085967
3400930086483
3400930086490
3400930086582
3400930086599
3400930086940
3400930086957
3400930086988
3400930087039
3400930087046
3400930087077
3400930087114
3400930087121
3400930087183
3400930087190
3400930087206
3400930087213
3400930087220
3400930087244
3400930087251
3400930087268
3400930087299
3400930087367
3400930087398
3400930087688
3400930087787
3400930087824
3400930087831
3400930087916
3400930087954
3400930087992
3400930088074
3400930088111
3400930088272
3400930088302
3400930088326
3400930088333
3400930088364
3400930088661
3400930088678
3400930088685
3400930088692
3400930088715
3400930088722
3400930088746
3400930088784
3400930088821
3400930088890
3400930088951
3400930089026
3400930089170
3400930089217
3400930089224
3400930089231
3400930089279
3400930089347
3400930089446
3400930089514
3400930089958
3400930089965
3400930089972
3400930089989
3400930090015
3400930090114
3400930090213
3400930090220
3400930090268
3400930090299
3400930090404
3400930090794
3400930090855
3400930090961
3400930090978
3400930091074
3400930091111
3400930091128
3400930091135
3400930091241
3400930091357
3400930091517
3400930091678
3400930091845
3400930091869
3400930091906
3400930091920
3400930091944
3400930092330
3400930092385
3400930092460
3400930092675
3400930092903
3400930092934
3400930092965
3400930092972
3400930092989
3400930093016
3400930093061
3400930093177
3400930093207
3400930093245
3400930093337
3400930093405
3400930093535
3400930093863
3400930094754
3400930094846
3400930094853
3400930094891
3400930094976
3400930094983
3400930095027
3400930095133
3400930095225
3400930095294
3400930095324
3400930095355
3400930095379
3400930095393
3400930095416
3400930095430
3400930095454
3400930095478
3400930095492
3400930095515
3400930095539
3400930095553
3400930095577
3400930095584
3400930095591
3400930095706
3400930095744
3400930095751
3400930095775
3400930095782
3400930095874
3400930096086
3400930096147
3400930096284
3400930096321
3400930096376
3400930096635
3400930096796
3400930096819
3400930096833
3400930096888
3400930097274
3400930097359
3400930097366
3400930097441
3400930097465
3400930097502
3400930097526
3400930097533
3400930097557
3400930097762
3400930097816
3400930098028
3400930098042
3400930098073
3400930098127
3400930098141
3400930098196
3400930098219
3400930098264
3400930098271
3400930098325
3400930098332
3400930098387
3400930098639
3400930098660
3400930098721
3400930098783
3400930098806
3400930098875
3400930098943
3400930098950
3400930098967
3400930099070
3400930099094
3400930099230
3400930099254
3400930099346
3400930099520
3400930099643
3400930099957
3400930100035
3400930100561
3400930100585
3400930100608
3400930100615
3400930100622
3400930100639
3400930100677
3400930100738
3400930100776
3400930100813
3400930100844
3400930100868
3400930100899
3400930100967
3400930100981
3400930101001
3400930101070
3400930101094
3400930101124
3400930101148
3400930101162
3400930101209
3400930101223
3400930101247
3400930101735
3400930101766
3400930101773
3400930101780
3400930101797
3400930101803
3400930101810
3400930101834
3400930101872
3400930101902
3400930101964
3400930101995
3400930102022
3400930102053
3400930102060
3400930102077
3400930102107
3400930102152
3400930102275
3400930102411
3400930102596
3400930102626
3400930102633
3400930102657
3400930102671
3400930102688
3400930102701
3400930103005
3400930103197
3400930103203
3400930103227
3400930103234
3400930103272
3400930103456
3400930103494
3400930103531
3400930103579
3400930103623
3400930103678
3400930103722
3400930103777
3400930103807
3400930103951
3400930103999
3400930104002
3400930104934
3400930104941
3400930105108
3400930105115
3400930105122
3400930105146
3400930105153
3400930105177
3400930105184
3400930105191
3400930105207
3400930105214
3400930105221
3400930105245
3400930105252
3400930105337
3400930105351
3400930105467
3400930105474
3400930105481
3400930105665
3400930105689
3400930105702
3400930105733
3400930105795
3400930105801
3400930106396
3400930106419
3400930106464
3400930106495
3400930106761
3400930106792
3400930106860
3400930106884
3400930107195
3400930107218
3400930107232
3400930107447
3400930107485
3400930107546
3400930107577
3400930107614
3400930107652
3400930107683
3400930107713
3400930107768
3400930107881
3400930107911
3400930107935
3400930107966
3400930108055
3400930108116
3400930108192
3400930108291
3400930108338
3400930108345
3400930108383
3400930108420
3400930108468
3400930108512
3400930108543
3400930108611
3400930108703
3400930108727
3400930108765
3400930109229
3400930109236
3400930109250
3400930109335
3400930109342
3400930109359
3400930109397
3400930109601
3400930109618
3400930109632
3400930109649
3400930109656
3400930109663
3400930109670
3400930109700
3400930109731
3400930109892
3400930109915
3400930109960
3400930110003
3400930110041
3400930110102
3400930110140
3400930110287
3400930110621
3400930110775
3400930110836
3400930110935
3400930110959
3400930110973
3400930110980
3400930110997
3400930111000
3400930111017
3400930111109
3400930111161
3400930111192
3400930111239
3400930111260
3400930111352
3400930111444
3400930111482
3400930111529
3400930111536
3400930111727
3400930111765
3400930111796
3400930111819
3400930111833
3400930111888
3400930111963
3400930111987
3400930111994
3400930112007
3400930112038
3400930112045
3400930112090
3400930112106
3400930112168
3400930112199
3400930112205
3400930112229
3400930112366
3400930112427
3400930112441
3400930112489
3400930112502
3400930112793
3400930112816
3400930112892
3400930112908
3400930112915
3400930112939
3400930112946
3400930112953
3400930113165
3400930113479
3400930113608
3400930113738
3400930113745
3400930113769
3400930113776
3400930113783
3400930113806
3400930113820
3400930113936
3400930114698
3400930114728
3400930114735
3400930114759
3400930114773
3400930114797
3400930114810
3400930114858
3400930114940
3400930114988
3400930114995
3400930115008
3400930115022
3400930115053
3400930115343
3400930115350
3400930115367
3400930115374
3400930115404
3400930115442
3400930115480
3400930115527
3400930115572
3400930115602
3400930115626
3400930115664
3400930115848
3400930115947
3400930116180
3400930116203
3400930116210
3400930116494
3400930116500
3400930116630
3400930116647
3400930116791
3400930116944
3400930117163
3400930117248
3400930117286
3400930117378
3400930117392
3400930117408
3400930117460
3400930117507
3400930117514
3400930117576
3400930117583
3400930117613
3400930117637
3400930117644
3400930117675
3400930117699
3400930117712
3400930117736
3400930117743
3400930118474
3400930118757
3400930118771
3400930118788
3400930118795
3400930118801
3400930118832
3400930118849
3400930118856
3400930118863
3400930118870
3400930118887
3400930118900
3400930118993
3400930119013
3400930119099
3400930119105
3400930119150
3400930119204
3400930119259
3400930119310
3400930119365
3400930119440
3400930119525
3400930119570
3400930119624
3400930119723
3400930119754
3400930119761
3400930119778
3400930119792
3400930119808
3400930119815
3400930119822
3400930119839
3400930119853
3400930119884
3400930120712
3400930120767
3400930120804
3400930121344
3400930121399
3400930121405
3400930121429
3400930121443
3400930121467
3400930121481
3400930121504
3400930121528
3400930121818
3400930121849
3400930122112
3400930122129
3400930122297
3400930122303
3400930122334
3400930122372
3400930122693
3400930122754
3400930123065
3400930123102
3400930123157
3400930123188
3400930123386
3400930123430
3400930123447
3400930123454
3400930123508
3400930123522
3400930123874
3400930123898
3400930124086
3400930124093
3400930124147
3400930124208
3400930124277
3400930124314
3400930124369
3400930124406
3400930124451
3400930124505
3400930124567
3400930124604
3400930125076
3400930125113
3400930125182
3400930125205
3400930125212
3400930125236
3400930125267
3400930125496
3400930125533
3400930125564
3400930125670
3400930125984
3400930125991
3400930126004
3400930126035
3400930126103
3400930126165
3400930126172
3400930126196
3400930126219
3400930126233
3400930126264
3400930126295
3400930126684
3400930126899
3400930126905
3400930126929
3400930127063
3400930127087
3400930127117
3400930127186
3400930127193
3400930127209
3400930127230
3400930127247
3400930127308
3400930127353
3400930127377
3400930127551
3400930127612
3400930127667
3400930127674
3400930127797
3400930128060
3400930128138
3400930128145
3400930128169
3400930128176
3400930128183
3400930128206
3400930128213
3400930128220
3400930128398
3400930128534
3400930128572
3400930128657
3400930128695
3400930128787
3400930128848
3400930128923
3400930128930
3400930128947
3400930128954
3400930129159
3400930129197
3400930129289
3400930129364
3400930129500
3400930129524
3400930129548
3400930129562
3400930129685
3400930129739
3400930129746
3400930129753
3400930129760
3400930129777
3400930129784
3400930129791
3400930129807
3400930129814
3400930129821
3400930129876
3400930129968
3400930129975
3400930130001
3400930130018
3400930130063
3400930130230
3400930130254
3400930130285
3400930130308
3400930130506
3400930130520
3400930130858
3400930130872
3400930130919
3400930130926
3400930131077
3400930131114
3400930131121
3400930131336
3400930131350
3400930131367
3400930131374
3400930131398
3400930131404
3400930131596
3400930131602
3400930131619
3400930131626
3400930131633
3400930131640
3400930131664
3400930131701
3400930131725
3400930131787
3400930131800
3400930131893
3400930131961
3400930131978
3400930132074
3400930132173
3400930132265
3400930132371
3400930132432
3400930132470
3400930132579
3400930132586
3400930132821
3400930132838
3400930132944
3400930133064
3400930133255
3400930133415
3400930133484
3400930133507
3400930133620
3400930133767
3400930133842
3400930134009
3400930134047
3400930134085
3400930134108
3400930134153
3400930134184
3400930134221
3400930134252
3400930134306
3400930134337
3400930134504
3400930135075
3400930135167
3400930135242
3400930135839
3400930135860
3400930135891
3400930135952
3400930135990
3400930136034
3400930136072
3400930136119
3400930136157
3400930136164
3400930136188
3400930136263
3400930136300
3400930136379
3400930136386
3400930136430
3400930136461
3400930136492
3400930136508
3400930136522
3400930136546
3400930136577
3400930136652
3400930136676
3400930136690
3400930136737
3400930136898
3400930136904
3400930136997
3400930137147
3400930137154
3400930137260
3400930137284
3400930137383
3400930137888
3400930138007
3400930138014
3400930138052
3400930138113
3400930138342
3400930138380
3400930138410
3400930138434
3400930138458
3400930138496
3400930138540
3400930138601
3400930138878
3400930138984
3400930139080
3400930139110
3400930139165
3400930139202
3400930139448
3400930139462
3400930139479
3400930139561
3400930139578
3400930139585
3400930139622
3400930139691
3400930139721
3400930139738
3400930139912
3400930139929
3400930139943
3400930139967
3400930139974
3400930139998
3400930140024
3400930140031
3400930140048
3400930140055
3400930140062
3400930140093
3400930140185
3400930140246
3400930140321
3400930140383
3400930140574
3400930140734
3400930140772
3400930140819
3400930140970
3400930141410
3400930141427
3400930141434
3400930141441
3400930141601
3400930141649
3400930141663
3400930141687
3400930141700
3400930141724
3400930141731
3400930141755
3400930141762
3400930141779
3400930141809
3400930141854
3400930142141
3400930142264
3400930142271
3400930142288
3400930142660
3400930142684
3400930142707
3400930142714
3400930142721
3400930142745
3400930142752
3400930142769
3400930142783
3400930142875
3400930142899
3400930142950
3400930143728
3400930143810
3400930143841
3400930143872
3400930143926
3400930143988
3400930144121
3400930144190
3400930144213
3400930144237
3400930144244
3400930144251
3400930144640
3400930144657
3400930144664
3400930144718
3400930144824
3400930144930
3400930145029
3400930145074
3400930145210
3400930145227
3400930145234
3400930145265
3400930145296
3400930145326
3400930145357
3400930145388
3400930145418
3400930145463
3400930145470
3400930145524
3400930145586
3400930145739
3400930145746
3400930145784
3400930145791
3400930145821
3400930145852
3400930145906
3400930145937
3400930145951
3400930146033
3400930146064
3400930146118
3400930146194
3400930146217
3400930146224
3400930146262
3400930146286
3400930146309
3400930146323
3400930146347
3400930146361
3400930146866
3400930146927
3400930146958
3400930146972
3400930147023
3400930147078
3400930147238
3400930147252
3400930147276
3400930147474
3400930147481
3400930147498
3400930147504
3400930147511
3400930147528
3400930147566
3400930147627
3400930147634
3400930147658
3400930147665
3400930147672
3400930147689
3400930147696
3400930147757
3400930147801
3400930147856
3400930147894
3400930147955
3400930147979
3400930148402
3400930148419
3400930148440
3400930148464
3400930148518
3400930148525
3400930148730
3400930148754
3400930148815
3400930148839
3400930148853
3400930148891
3400930149157
3400930149171
3400930149201
3400930149225
3400930149263
3400930149379
3400930149386
3400930149416
3400930149430
3400930149744
3400930149768
3400930149805
3400930149812
3400930149911
3400930150108
3400930150139
3400930150559
3400930150566
3400930150702
3400930150726
3400930150740
3400930150764
3400930150948
3400930151037
3400930151044
3400930151051
3400930151068
3400930151075
3400930151099
3400930151105
3400930151167
3400930151181
3400930151198
3400930151211
3400930151297
3400930151310
3400930151365
3400930151389
3400930151402
3400930151419
3400930151440
3400930151471
3400930151488
3400930151501
3400930151655
3400930151884
3400930151921
3400930152089
3400930152102
3400930152263
3400930152409
3400930152423
3400930152447
3400930152621
3400930152645
3400930152669
3400930152676
3400930152690
3400930152713
3400930152720
3400930152744
3400930152812
3400930152867
3400930153031
3400930153079
3400930153109
3400930153284
3400930153352
3400930153604
3400930153611
3400930153703
3400930153727
3400930153765
3400930153772
3400930153789
3400930153802
3400930153819
3400930154137
3400930154182
3400930154243
3400930154250
3400930154281
3400930154571
3400930154861
3400930155011
3400930155080
3400930155097
3400930155103
3400930155141
3400930155196
3400930155288
3400930155325
3400930155424
3400930155431
3400930155882
3400930155929
3400930155936
3400930155943
3400930155950
3400930155981
3400930155998
3400930156018
3400930156025
3400930156162
3400930156179
3400930156438
3400930156452
3400930156469
3400930156483
3400930156506
3400930156520
3400930156605
3400930156612
3400930156629
3400930156674
3400930156681
3400930156698
3400930156704
3400930156711
3400930156766
3400930156773
3400930156803
3400930156827
3400930156834
3400930156841
3400930156858
3400930156872
3400930157046
3400930157183
3400930157206
3400930157312
3400930157336
3400930157374
3400930157381
3400930157404
3400930157411
3400930157442
3400930157480
3400930157510
3400930157602
3400930157626
3400930157640
3400930157848
3400930157862
3400930157930
3400930157954
3400930158043
3400930158074
3400930158166
3400930158180
3400930158425
3400930158463
3400930158494
3400930158609
3400930158623
3400930158746
3400930158760
3400930158890
3400930159040
3400930159057
3400930159064
3400930159071
3400930159095
3400930159101
3400930159132
3400930159408
3400930159453
3400930159484
3400930159927
3400930159989
3400930160244
3400930160305
3400930160459
3400930160473
3400930160480
3400930160503
3400930160640
3400930160756
3400930160893
3400930160985
3400930161043
3400930161142
3400930161340
3400930161357
3400930161463
3400930161494
3400930161517
3400930161531
3400930161555
3400930161562
3400930161579
3400930161586
3400930161593
3400930161616
3400930161708
3400930161791
3400930161869
3400930161883
3400930161913
3400930162019
3400930162026
3400930162033
3400930162262
3400930162286
3400930162309
3400930162453
3400930162477
3400930162507
3400930162521
3400930162712
3400930162736
3400930162743
3400930162781
3400930162965
3400930162989
3400930163009
3400930163016
3400930163047
3400930163061
3400930163078
3400930163108
3400930163146
3400930163245
3400930163276
3400930163344
3400930163399
3400930163405
3400930163474
3400930163481
3400930163528
3400930163597
3400930163665
3400930163887
3400930163917
3400930163924
3400930163955
3400930163979
3400930163986
3400930164051
3400930164136
3400930164174
3400930164198
3400930164228
3400930164303
3400930164310
3400930164365
3400930164372
3400930164471
3400930164488
3400930164556
3400930164594
3400930164648
3400930164716
3400930164723
3400930164839
3400930164853
3400930164907
3400930164983
3400930165003
3400930165027
3400930165232
3400930165393
3400930165478
3400930165508
3400930165515
3400930165607
3400930165812
3400930165942
3400930165959
3400930165973
3400930166024
3400930166048
3400930166093
3400930166116
3400930166178
3400930166192
3400930166246
3400930166253
3400930166284
3400930166307
3400930166321
3400930166338
3400930166345
3400930166420
3400930166703
3400930166758
3400930166765
3400930166772
3400930166789
3400930166819
3400930166826
3400930166840
3400930166918
3400930167090
3400930167106
3400930167212
3400930167236
3400930167243
3400930167267
3400930167298
3400930167304
3400930167373
3400930167410
3400930167441
3400930167458
3400930167489
3400930167632
3400930167793
3400930167809
3400930167847
3400930167854
3400930167908
3400930167915
3400930167977
3400930168363
3400930168370
3400930168387
3400930168394
3400930168400
3400930168448
3400930168455
3400930168493
3400930168530
3400930168547
3400930168554
3400930168561
3400930168578
3400930168592
3400930168875
3400930168912
3400930168929
3400930168936
3400930168950
3400930168974
3400930168998
3400930169018
3400930169049
3400930169162
3400930169186
3400930169209
3400930169223
3400930169247
3400930169261
3400930169322
3400930169346
3400930169384
3400930169452
3400930169476
3400930169650
3400930169681
3400930169735
3400930169759
3400930169780
3400930169803
3400930169810
3400930169834
3400930169841
3400930169858
3400930169889
3400930169896
3400930169919
3400930169926
3400930169933
3400930169957
3400930169964
3400930170168
3400930170199
3400930170212
3400930170250
3400930170274
3400930170335
3400930170366
3400930170441
3400930170700
3400930170717
3400930170724
3400930170786
3400930170793
3400930170885
3400930170908
3400930170922
3400930171059
3400930171066
3400930171127
3400930171158
3400930171202
3400930171301
3400930171622
3400930171660
3400930171684
3400930171837
3400930171875
3400930171936
3400930171950
3400930172032
3400930172049
3400930172056
3400930172063
3400930172070
3400930172087
3400930172094
3400930172100
3400930172148
3400930172230
3400930172247
3400930172346
3400930172353
3400930172360
3400930172377
3400930172520
3400930172537
3400930172735
3400930172780
3400930172797
3400930172803
3400930172810
3400930172872
3400930173046
3400930173077
3400930173138
3400930173367
3400930173398
3400930173442
3400930173466
3400930173480
3400930173497
3400930173510
3400930173534
3400930173572
3400930173589
3400930173848
3400930173855
3400930173886
3400930173909
3400930173992
3400930174043
3400930174074
3400930174081
3400930174128
3400930174142
3400930174173
3400930174197
3400930174210
3400930174227
3400930174234
3400930174241
3400930174258
3400930174272
3400930174425
3400930174807
3400930174814
3400930174821
3400930174913
3400930174968
3400930174999
3400930175002
3400930175033
3400930175064
3400930175545
3400930175576
3400930175637
3400930175767
3400930175798
3400930175804
3400930175811
3400930175972
3400930176016
3400930176023
3400930176061
3400930176085
3400930176115
3400930176139
3400930176207
3400930176245
3400930176290
3400930176344
3400930176351
3400930176375
3400930176382
3400930176399
3400930176405
3400930176412
3400930176481
3400930176511
3400930176542
3400930176559
3400930176573
3400930176580
3400930176597
3400930176665
3400930176689
3400930176702
3400930176719
3400930176740
3400930176771
3400930176870
3400930176948
3400930176955
3400930176979
3400930177006
3400930177204
3400930177235
3400930177266
3400930177280
3400930177464
3400930177563
3400930177648
3400930177662
3400930177693
3400930177709
3400930177723
3400930177730
3400930177761
3400930177822
3400930177846
3400930177884
3400930177914
3400930177921
3400930177983
3400930178027
3400930178140
3400930178157
3400930178201
3400930178249
3400930178416
3400930178454
3400930178669
3400930178676
3400930178775
3400930178782
3400930178799
3400930178805
3400930178874
3400930178942
3400930178966
3400930178980
3400930179079
3400930179246
3400930179291
3400930179307
3400930179314
3400930179543
3400930179567
3400930179581
3400930179734
3400930179772
3400930179826
3400930179857
3400930179864
3400930179963
3400930179994
3400930180006
3400930180013
3400930180044
3400930180051
3400930180082
3400930180099
3400930180174
3400930180181
3400930180198
3400930180228
3400930180235
3400930180334
3400930180396
3400930180440
3400930180488
3400930180518
3400930180525
3400930180532
3400930180570
3400930180594
3400930180624
3400930180631
3400930180747
3400930180822
3400930180969
3400930180990
3400930181003
3400930181133
3400930181164
3400930181256
3400930181393
3400930181430
3400930181461
3400930181485
3400930181508
3400930181522
3400930181560
3400930181577
3400930181591
3400930181607
3400930181621
3400930181645
3400930181652
3400930181669
3400930181706
3400930181713
3400930181737
3400930181744
3400930181751
3400930181775
3400930181782
3400930181904
3400930181966
3400930182017
3400930182048
3400930182147
3400930182192
3400930182208
3400930182215
3400930182451
3400930182482
3400930182505
3400930182543
3400930182550
3400930182567
3400930183052
3400930183076
3400930183090
3400930183113
3400930183137
3400930183151
3400930183175
3400930183205
3400930183434
3400930183564
3400930183571
3400930183649
3400930183748
3400930183755
3400930183816
3400930183960
3400930184059
3400930184066
3400930184165
3400930184318
3400930184417
3400930184424
3400930184554
3400930184578
3400930184585
3400930184608
3400930184615
3400930184684
3400930184844
3400930185537
3400930185704
3400930185728
3400930185742
3400930185773
3400930185797
3400930185872
3400930185933
3400930185957
3400930186138
3400930186145
3400930186169
3400930186176
3400930186206
3400930186251
3400930186336
3400930186343
3400930186350
3400930186367
3400930186374
3400930186473
3400930186886
3400930186947
3400930187050
3400930187074
3400930187159
3400930187210
3400930187364
3400930187524
3400930187531
3400930187548
3400930187555
3400930187586
3400930187661
3400930187722
3400930187739
3400930187746
3400930187838
3400930187845
3400930187869
3400930187876
3400930187883
3400930187951
3400930187968
3400930188187
3400930188200
3400930188217
3400930188354
3400930188361
3400930188378
3400930188408
3400930188545
3400930188552
3400930188606
3400930188736
3400930188828
3400930188842
3400930188873
3400930188941
3400930188989
3400930189016
3400930189122
3400930189146
3400930189214
3400930189528
3400930189641
3400930189764
3400930189788
3400930189801
3400930189856
3400930189917
3400930189948
3400930189986
3400930190029
3400930190128
3400930190142
3400930190210
3400930190272
3400930190302
3400930190333
3400930190364
3400930190432
3400930190609
3400930190623
3400930190647
3400930190708
3400930190746
3400930190784
3400930190791
3400930190807
3400930191040
3400930191057
3400930191071
3400930191088
3400930191095
3400930191163
3400930191408
3400930191521
3400930191545
3400930191552
3400930191576
3400930191712
3400930191729
3400930192139
3400930192214
3400930192252
3400930192771
3400930192894
3400930192900
3400930192948
3400930193013
3400930193051
3400930193082
3400930193266
3400930193303
3400930193310
3400930193495
3400930193501
3400930193532
3400930193549
3400930193570
3400930193600
3400930193624
3400930193679
3400930193792
3400930193891
3400930193983
3400930194508
3400930194515
3400930194607
3400930194775
3400930194843
3400930194850
3400930194867
3400930194997
3400930195062
3400930195079
3400930195086
3400930195093
3400930195109
3400930195239
3400930195246
3400930195260
3400930195291
3400930195321
3400930195352
3400930195505
3400930195574
3400930195642
3400930195697
3400930195741
3400930195789
3400930195888
3400930195932
3400930196199
3400930196588
3400930196632
3400930197011
3400930197059
3400930197455
3400930197493
3400930197875
3400930197912
3400930198209
3400930198223
3400930198285
3400930198346
3400930198353
3400930198360
3400930198377
3400930198384
3400930198445
3400930198483
3400930198513
3400930198575
3400930198667
3400930198704
3400930198728
3400930198995
3400930199008
3400930199138
3400930199152
3400930199176
3400930199190
3400930199275
3400930199282
3400930199305
3400930199336
3400930199343
3400930199350
3400930199367
3400930199374
3400930199381
3400930199404
3400930199527
3400930199534
3400930199640
3400930199671
3400930199718
3400930199725
3400930199879
3400930199893
3400930199947
3400930200001
3400930200049
3400930200070
3400930200100
3400930200193
3400930200544
3400930200582
3400930200629
3400930200650
3400930200681
3400930200711
3400930200742
3400930200773
3400930200810
3400930200919
3400930200926
3400930200933
3400930200940
3400930200971
3400930201015
3400930201343
3400930201428
3400930201459
3400930201749
3400930201763
3400930201824
3400930201848
3400930201862
3400930201909
3400930201992
3400930202029
3400930202074
3400930202326
3400930202340
3400930202524
3400930202593
3400930202647
3400930202777
3400930202784
3400930202838
3400930202975
3400930203019
3400930203132
3400930203187
3400930203231
3400930203255
3400930203316
3400930203330
3400930203408
3400930203422
3400930203538
3400930203545
3400930203569
3400930203675
3400930203705
3400930203736
3400930203750
3400930203767
3400930203910
3400930203927
3400930203965
3400930204009
3400930204023
3400930204108
3400930204122
3400930204160
3400930204382
3400930204412
3400930204467
3400930204474
3400930204818
3400930204825
3400930204832
3400930204870
3400930204887
3400930205198
3400930205266
3400930205273
3400930205280
3400930205303
3400930205365
3400930205372
3400930205402
3400930205594
3400930205600
3400930205617
3400930205624
3400930205631
3400930205686
3400930205730
3400930205808
3400930205822
3400930205853
3400930205884
3400930205891
3400930205914
3400930205938
3400930205969
3400930205976
3400930206164
3400930206171
3400930206188
3400930206195
3400930206201
3400930206232
3400930206379
3400930206423
3400930206454
3400930206461
3400930206478
3400930207383
3400930207420
3400930207642
3400930207659
3400930207666
3400930207673
3400930207680
3400930207697
3400930207703
3400930207710
3400930207727
3400930207741
3400930207772
3400930207796
3400930207802
3400930207819
3400930208229
3400930208458
3400930208465
3400930208472
3400930208502
3400930208519
3400930208526
3400930208533
3400930208540
3400930208557
3400930208564
3400930208571
3400930208601
3400930208625
3400930208663
3400930208687
3400930208793
3400930208854
3400930208861
3400930208892
3400930208908
3400930208939
3400930208977
3400930208984
3400930208991
3400930209240
3400930209301
3400930209400
3400930209417
3400930209424
3400930209431
3400930209455
3400930209790
3400930209936
3400930210178
3400930210185
3400930210192
3400930210215
3400930210338
3400930210352
3400930210369
3400930210741
3400930210758
3400930210963
3400930210987
3400930211014
3400930211045
3400930211076
3400930211090
3400930211120
3400930211137
3400930211274
3400930211380
3400930211441
3400930211465
3400930211595
3400930211762
3400930212028
3400930212042
3400930212059
3400930212141
3400930212172
3400930212189
3400930212240
3400930212257
3400930212264
3400930212271
3400930212325
3400930212332
3400930212349
3400930212356
3400930212363
3400930212370
3400930212547
3400930212578
3400930212585
3400930212592
3400930212608
3400930212653
3400930212691
3400930212745
3400930212752
3400930212769
3400930212776
3400930212783
3400930212790
3400930212806
3400930212813
3400930212820
3400930212929
3400930213254
3400930213261
3400930213292
3400930213315
3400930213346
3400930213520
3400930213551
3400930213674
3400930213698
3400930213711
3400930213735
3400930213766
3400930213865
3400930214060
3400930214077
3400930214084
3400930214107
3400930214732
3400930214756
3400930214763
3400930214770
3400930214879
3400930215210
3400930215227
3400930215296
3400930215357
3400930215418
3400930215616
3400930215623
3400930215678
3400930215708
3400930216279
3400930216316
3400930216323
3400930216330
3400930216361
3400930216378
3400930216453
3400930216484
3400930216996
3400930217054
3400930217078
3400930217191
3400930217412
3400930217443
3400930217481
3400930217726
3400930217849
3400930217863
3400930217900
3400930218006
3400930218020
3400930218037
3400930218174
3400930218198
3400930218211
3400930218327
3400930218365
3400930218372
3400930218402
3400930218419
3400930218464
3400930218488
3400930218495
3400930218501
3400930218525
3400930218600
3400930218655
3400930218730
3400930218747
3400930218808
3400930219232
3400930219270
3400930219300
3400930219393
3400930219447
3400930219492
3400930219508
3400930219560
3400930219584
3400930219669
3400930219676
3400930219690
3400930219737
3400930219768
3400930219799
3400930219829
3400930219850
3400930219867
3400930219874
3400930219898
3400930219904
3400930219911
3400930219973
3400930219980
3400930219997
3400930220047
3400930220078
3400930220108
3400930220122
3400930220139
3400930220146
3400930220153
3400930220177
3400930220184
3400930220207
3400930220214
3400930220221
3400930220238
3400930220245
3400930220269
3400930220290
3400930220306
3400930220368
3400930220375
3400930220399
3400930220863
3400930220870
3400930220948
3400930221198
3400930221228
3400930221310
3400930221532
3400930221563
3400930221594
3400930221624
3400930221907
3400930222133
3400930222195
3400930222225
3400930222270
3400930222447
3400930222454
3400930222461
3400930222478
3400930222485
3400930222539
3400930222584
3400930222638
3400930222676
3400930222713
3400930222720
3400930222737
3400930222744
3400930222751
3400930222768
3400930222775
3400930222867
3400930222911
3400930222942
3400930222973
3400930223017
3400930223024
3400930223703
3400930223710
3400930223789
3400930223802
3400930223826
3400930223840
3400930223864
3400930224021
3400930224038
3400930224311
3400930224342
3400930224359
3400930224366
3400930224373
3400930224571
3400930224601
3400930224618
3400930224632
3400930224649
3400930224687
3400930224700
3400930224755
3400930224762
3400930224816
3400930225004
3400930225035
3400930225127
3400930225189
3400930225257
3400930225271
3400930225417
3400930225431
3400930225509
3400930225721
3400930225929
3400930226308
3400930226315
3400930226377
3400930226384
3400930226421
3400930226438
3400930226506
3400930226513
3400930226537
3400930226551
3400930226704
3400930226711
3400930226728
3400930226735
3400930226759
3400930226766
3400930226872
3400930226919
3400930226940
3400930226971
3400930227022
3400930227053
3400930227121
3400930227145
3400930227152
3400930227190
3400930227220
3400930227244
3400930227305
3400930227312
3400930227336
3400930227343
3400930227367
3400930227381
3400930227398
3400930227404
3400930227428
3400930227442
3400930227459
3400930227534
3400930227565
3400930227596
3400930227626
3400930227725
3400930227824
3400930227886
3400930227893
3400930227909
3400930227916
3400930227978
3400930227992
3400930228074
3400930228111
3400930228142
3400930228159
3400930228203
3400930228227
3400930228319
3400930228340
3400930228364
3400930228371
3400930228388
3400930228425
3400930228432
3400930228531
3400930229200
3400930229255
3400930229385
3400930229392
3400930229620
3400930229637
3400930229644
3400930229651
3400930229750
3400930229866
3400930229927
3400930230008
3400930230039
3400930230046
3400930230053
3400930230060
3400930230084
3400930230091
3400930230107
3400930230121
3400930230145
3400930230169
3400930230176
3400930230183
3400930230213
3400930230268
3400930230329
3400930230398
3400930230497
3400930230510
3400930230602
3400930230640
3400930230664
3400930230671
3400930230688
3400930231036
3400930231043
3400930231050
3400930231128
3400930231135
3400930231203
3400930231234
3400930231272
3400930231326
3400930231333
3400930231418
3400930231425
3400930231593
3400930231685
3400930232071
3400930232163
3400930232187
3400930232217
3400930232224
3400930232231
3400930232415
3400930232422
3400930232620
3400930232781
3400930232798
3400930232804
3400930232828
3400930232859
3400930232965
3400930232972
3400930233177
3400930233184
3400930233207
3400930233221
3400930233313
3400930233337
3400930233344
3400930233351
3400930233368
3400930233375
3400930233542
3400930233665
3400930233672
3400930233689
3400930233696
3400930233702
3400930233726
3400930233931
3400930233948
3400930234006
3400930234075
3400930234259
3400930234266
3400930234303
3400930234341
3400930234396
3400930234433
3400930234563
3400930234594
3400930234600
3400930234624
3400930234631
3400930234648
3400930234792
3400930234815
3400930234945
3400930234976
3400930234983
3400930235089
3400930235317
3400930235485
3400930235492
3400930235522
3400930235546
3400930235577
3400930235669
3400930235683
3400930235942
3400930235966
3400930236000
3400930236017
3400930236024
3400930236086
3400930236093
3400930236109
3400930236123
3400930236130
3400930236154
3400930236178
3400930236529
3400930236536
3400930236635
3400930236642
3400930236659
3400930236666
3400930236673
3400930236697
3400930236703
3400930236758
3400930236765
3400930236796
3400930236826
3400930236833
3400930236864
3400930237038
3400930237045
3400930237069
3400930237083
3400930237243
3400930237250
3400930237588
3400930237618
3400930237625
3400930237663
3400930237854
3400930237977
3400930238035
3400930238059
3400930238097
3400930238158
3400930238165
3400930238257
3400930238264
3400930238271
3400930238288
3400930238295
3400930238479
3400930238486
3400930238516
3400930238806
3400930238851
3400930238905
3400930238943
3400930239001
3400930239087
3400930239193
3400930239230
3400930239261
3400930239421
3400930239445
3400930239469
3400930239476
3400930239490
3400930239520
3400930239919
3400930239971
3400930240007
3400930240038
3400930240069
3400930240595
3400930240892
3400930240908
3400930240915
3400930240922
3400930240939
3400930240953
3400930240960
3400930241172
3400930241257
3400930241301
3400930241349
3400930241370
3400930241387
3400930241417
3400930241431
3400930241660
3400930241684
3400930241752
3400930241769
3400930241820
3400930241868
3400930242087
3400930242117
3400930242131
3400930242360
3400930242391
3400930242414
3400930242506
3400930242599
3400930242629
3400930242667
3400930242797
3400930242803
3400930242919
3400930242933
3400930242940
3400930243190
3400930243213
3400930243381
3400930243442
3400930243473
3400930243640
3400930243671
3400930243855
3400930243862
3400930243879
3400930243909
3400930243916
3400930243923
3400930243930
3400930243947
3400930243961
3400930244043
3400930244067
3400930244166
3400930244210
3400930244272
3400930244371
3400930244395
3400930244425
3400930244586
3400930244609
3400930244692
3400930244708
3400930244746
3400930244753
3400930244814
3400930244838
3400930244906
3400930244913
3400930244937
3400930245002
3400930245071
3400930245101
3400930245194
3400930245347
3400930245514
3400930245590
3400930245705
3400930245712
3400930245729
3400930245743
3400930245750
3400930245767
3400930245781
3400930245798
3400930245804
3400930245811
3400930246023
3400930246078
3400930246085
3400930246092
3400930246115
3400930246122
3400930246382
3400930246467
3400930246474
3400930246528
3400930246535
3400930246542
3400930246559
3400930246573
3400930246870
3400930246887
3400930246948
3400930246962
3400930246979
3400930246986
3400930246993
3400930247075
3400930247082
3400930247099
3400930247143
3400930247235
3400930247273
3400930247310
3400930247327
3400930247334
3400930247341
3400930247358
3400930247570
3400930247648
3400930247730
3400930247785
3400930247853
3400930248249
3400930248256
3400930248478
3400930248584
3400930248591
3400930248607
3400930248645
3400930248652
3400930248775
3400930248836
3400930248898
3400930248904
3400930248935
3400930248942
3400930249161
3400930249611
3400930249659
3400930249666
3400930249673
3400930249680
3400930249826
3400930249840
3400930249925
3400930249932
3400930249949
3400930249994
3400930250006
3400930250037
3400930250075
3400930250105
3400930250136
3400930250198
3400930250433
3400930250495
3400930250518
3400930250563
3400930250594
3400930250600
3400930250617
3400930250808
3400930250822
3400930250846
3400930250853
3400930250983
3400930251546
3400930251553
3400930251560
3400930251584
3400930252444
3400930252482
3400930252499
3400930252512
3400930252604
3400930252611
3400930252635
3400930252673
3400930252703
3400930252727
3400930252734
3400930252956
3400930252963
3400930252970
3400930252987
3400930252994
3400930253007
3400930253014
3400930253038
3400930253045
3400930253052
3400930253069
3400930253120
3400930253243
3400930253403
3400930253427
3400930254004
3400930254035
3400930254042
3400930254097
3400930254134
3400930254172
3400930254288
3400930254301
3400930254479
3400930254561
3400930254639
3400930254684
3400930254707
3400930254738
3400930254882
3400930254998
3400930255117
3400930255131
3400930255148
3400930255216
3400930255223
3400930255278
3400930255339
3400930255834
3400930255933
3400930256275
3400930256503
3400930256633
3400930256640
3400930256657
3400930256664
3400930256688
3400930256695
3400930256701
3400930256718
3400930256749
3400930256756
3400930256848
3400930256916
3400930257005
3400930257098
3400930257180
3400930257463
3400930257555
3400930257579
3400930257630
3400930257647
3400930257678
3400930257685
3400930258002
3400930258019
3400930258057
3400930258064
3400930258071
3400930258101
3400930258125
3400930258200
3400930258217
3400930258279
3400930258286
3400930258316
3400930258323
3400930258330
3400930258347
3400930258354
3400930258361
3400930258378
3400930258415
3400930258460
3400930258538
3400930258569
3400930258590
3400930258675
3400930258972
3400930259054
3400930259061
3400930259078
3400930259108
3400930259122
3400930260197
3400930260203
3400930260210
3400930260227
3400930260302
3400930260357
3400930260388
3400930260401
3400930260432
3400930260494
3400930261149
3400930261156
3400930261187
3400930261200
3400930261231
3400930261248
3400930261279
3400930261347
3400930261378
3400930261590
3400930261903
3400930261941
3400930261958
3400930262061
3400930262108
3400930262115
3400930262122
3400930262238
3400930262337
3400930262344
3400930262351
3400930262368
3400930262375
3400930262405
3400930262412
3400930262511
3400930262597
3400930262788
3400930262931
3400930262948
3400930263082
3400930263143
3400930263778
3400930263822
3400930263853
3400930263860
3400930263907
3400930263938
3400930264140
3400930264171
3400930264188
3400930264201
3400930264355
3400930264362
3400930264546
3400930264713
3400930264751
3400930264805
3400930264911
3400930264959
3400930264997
3400930265000
3400930265031
3400930265048
3400930265116
3400930265123
3400930265154
3400930265161
3400930265178
3400930265185
3400930265192
3400930265215
3400930265260
3400930265543
3400930265581
3400930265598
3400930265611
3400930265642
3400930265659
3400930265680
3400930265703
3400930265734
3400930266083
3400930266151
3400930266168
3400930266199
3400930266212
3400930266236
3400930266250
3400930266366
3400930266380
3400930266410
3400930266427
3400930266434
3400930266441
3400930266489
3400930266533
3400930266601
3400930266625
3400930266632
3400930266649
3400930266656
3400930266663
3400930266670
3400930266717
3400930266731
3400930266755
3400930267219
3400930267271
3400930267288
3400930267295
3400930267301
3400930267431
3400930267455
3400930267479
3400930267486
3400930267493
3400930267547
3400930267554
3400930267578
3400930267585
3400930267592
3400930267615
3400930267813
3400930268056
3400930268063
3400930268070
3400930268087
3400930268094
3400930268117
3400930268124
3400930268599
3400930268636
3400930268674
3400930268681
3400930268698
3400930268742
3400930268759
3400930268780
3400930268803
3400930268827
3400930268988
3400930268995
3400930269107
3400930269114
3400930269121
3400930269138
3400930269145
3400930269176
3400930269183
3400930269305
3400930269329
3400930269350
3400930269404
3400930270394
3400930270479
3400930270486
3400930270493
3400930270530
3400930270547
3400930270554
3400930270592
3400930270608
3400930270882
3400930270899
3400930270981
3400930270998
3400930271018
3400930271025
3400930271162
3400930271209
3400930271216
3400930272459
3400930272572
3400930272596
3400930272725
3400930272787
3400930272794
3400930272800
3400930272817
3400930272978
3400930272985
3400930272992
3400930273005
3400930273029
3400930273036
3400930273043
3400930273050
3400930273067
3400930273074
3400930273081
3400930273357
3400930273364
3400930273876
3400930274095
3400930274101
3400930274224
3400930274262
3400930274279
3400930274460
3400930274583
3400930274613
3400930274927
3400930274934
3400930274958
3400930275108
3400930275115
3400930275122
3400930275429
3400930275450
3400930275474
3400930275498
3400930275573
3400930276013
3400930276020
3400930276037
3400930276044
3400930276051
3400930276068
3400930276099
3400930276112
3400930276129
3400930276136
3400930276211
3400930276334
3400930276358
3400930276389
3400930276402
3400930276501
3400930276556
3400930276563
3400930276570
3400930276600
3400930276853
3400930276877
3400930276884
3400930276907
3400930276914
3400930276921
3400930276938
3400930276945
3400930276983
3400930276990
3400930277027
3400930277065
3400930277072
3400930277089
3400930277096
3400930277102
3400930277126
3400930277133
3400930277362
3400930277553
3400930277652
3400930277720
3400930277751
3400930277799
3400930277867
3400930278048
3400930278406
3400930278420
3400930278437
3400930279083
3400930279458
3400930279717
3400930279724
3400930279823
3400930279878
3400930279946
3400930279984
3400930280287
3400930280294
3400930280416
3400930280430
3400930280959
3400930280966
3400930280973
3400930280997
3400930281055
3400930281109
3400930281123
3400930281130
3400930281147
3400930281154
3400930281161
3400930281420
3400930281437
3400930281444
3400930281451
3400930281468
3400930281475
3400930281789
3400930281802
3400930281819
3400930282403
3400930282526
3400930282717
3400930283158
3400930283165
3400930283219
3400930283226
3400930283554
3400930284605
3400930284612
3400930284636
3400930284643
3400930284667
3400930284674
3400930284698
3400930284704
3400930284711
3400930284797
3400930284902
3400930284957
3400930284964
3400930285008
3400930285015
3400930285039
3400930285046
3400930285060
3400930285084
3400930285121
3400930285145
3400930285367
3400930285374
3400930285473
3400930285558
3400930285695
3400930285756
3400930285787
3400930285824
3400930285862
3400930285909
3400930285930
3400930285978
3400930286005
3400930286043
3400930286241
3400930286289
3400930286326
3400930286357
3400930286388
3400930286418
3400930286456
3400930286500
3400930287231
3400930287255
3400930287279
3400930287293
3400930287330
3400930287347
3400930287354
3400930287361
3400930287385
3400930287392
3400930287408
3400930287880
3400930287903
3400930288146
3400930288306
3400930289112
3400930289129
3400930289204
3400930289228
3400930289235
3400930289433
3400930289532
3400930289907
3400930289938
3400930290323
3400930290361
3400930290422
3400930290477
3400930290514
3400930291795
3400930291849
3400930291856
3400930291863
3400930291870
3400930291887
3400930291894
3400930291900
3400930291917
3400930291962
3400930291986
3400930292921
3400930293003
3400930293331
3400930293379
3400930293416
3400930293423
3400930293683
3400930293713
3400930294178
3400930294505
3400930294512
3400930294536
3400930294567
3400930294598
3400930295229
3400930295496
3400930295502
3400930298374
3400930298916
3400930299937
3400930299944
3400930299951
3400930303030
3400930305270
3400930305331
3400930313893
3400930323199
3400930325612
3400930328804
3400930328972
3400930329054
3400930345191
3400930348444
3400930348673
3400930351635
3400930358900
3400930370155
3400930373576
3400930374696
3400930390894
3400930390955
3400930396988
3400930400005
3400930400173
3400930408919
3400930418093
3400930418673
3400930425077
3400930425138
3400930425367
3400930448021
3400930461327
3400930464458
3400930467879
3400930471432
3400930471890
3400930476574
3400930484500
3400930512685
3400930514177
3400930515587
3400930515648
3400930525692
3400930525753
3400930545805
3400930558751
3400930571187
3400930571248
3400930571477
3400930572948
3400930573020
3400930573198
3400930573259
3400930573310
3400930575031
3400930575260
3400930576151
3400930578391
3400930578452
3400930578971
3400930579404
3400930581933
3400930583715
3400930645789
3400930652473
3400930652534
3400930655955
3400930656617
3400930656785
3400930656846
3400930668092
3400930668153
3400930669334
3400930669624
3400930698259
3400930698488
3400930710067
3400930716960
3400930728796
3400930742815
3400930742983
3400930743126
3400930747728
3400930775981
3400930776063
3400930819968
3400930849316
3400930852446
3400930853627
3400930853795
3400930853856
3400930861202
3400930861431
3400930861660
3400930865972
3400930870365
3400930894668
3400930915004
3400930915172
3400930915233
3400930915462
3400930916292
3400930935453
3400930959695
3400930971871
3400930975206
3400930985830
3400930986080
3400930986141
3400930998267
3400930998328
3400930998557
3400931011095
3400931022503
3400931022671
3400931022961
3400931025863
3400931035459
3400931037460
3400931052838
3400931053088
3400931067627
3400931067795
3400931086086
3400931096603
3400931112433
3400931112662
3400931112723
3400931112891
3400931113034
3400931132134
3400931134435
3400931136385
3400931149453
3400931152125
3400931152415
3400931152705
3400931153184
3400931153764
3400931157557
3400931157618
3400931162179
3400931163411
3400931178200
3400931186762
3400931187943
3400931226895
3400931241683
3400931261445
3400931261506
3400931300458
3400931303299
3400931304180
3400931307143
3400931307204
3400931307372
3400931307433
3400931308614
3400931314127
3400931316947
3400931321330
3400931331094
3400931357520
3400931358589
3400931372318
3400931375388
3400931375449
3400931376330
3400931384144
3400931402336
3400931404866
3400931405009
3400931406297
3400931407188
3400931419136
3400931443728
3400931475835
3400931489962
3400931498896
3400931499787
3400931501251
3400931502081
3400931502722
3400931517160
3400931520122
3400931531876
3400931532996
3400931533429
3400931533719
3400931545774
3400931552819
3400931562573
3400931584575
3400931585756
3400931587538
3400931602187
3400931608851
3400931611981
3400931623298
3400931623359
3400931631163
3400931648543
3400931648604
3400931648772
3400931650263
3400931654865
3400931655527
3400931684381
3400931689294
3400931698289
3400931704294
3400931704874
3400931705246
3400931710509
3400931714811
3400931716013
3400931716181
3400931723806
3400931724636
3400931738015
3400931742494
3400931742555
3400931742845
3400931747178
3400931747239
3400931754732
3400931756163
3400931762775
3400931779285
3400931786320
3400931788560
3400931792932
3400931793823
3400931796435
3400931808534
3400931810315
3400931813736
3400931815686
3400931815808
3400931820369
3400931823902
3400931824091
3400931828693
3400931836629
3400931840640
3400931840879
3400931841302
3400931844082
3400931844143
3400931850984
3400931851356
3400931852247
3400931863014
3400931878551
3400931878612
3400931886075
3400931886365
3400931890676
3400931893639
3400931895930
3400931898191
3400931906339
3400931906568
3400931914723
3400931919926
3400931922537
3400931922766
3400931923077
3400931923138
3400931927501
3400931927679
3400931927969
3400931939337
3400931941057
3400931949152
3400931952572
3400931971092
3400931983569
3400931984399
3400931986522
3400931994046
3400931994107
3400932005093
3400932008056
3400932014668
3400932022533
3400932022762
3400932026555
3400932029396
3400932029808
3400932031696
3400932043293
3400932043354
3400932046546
3400932054411
3400932057771
3400932059324
3400932061105
3400932067657
3400932070268
3400932070619
3400932082506
3400932095513
3400932102129
3400932102938
3400932111053
3400932111282
3400932121458
3400932129904
3400932141159
3400932153565
3400932156009
3400932156177
3400932167234
3400932172085
3400932172146
3400932179060
3400932184323
3400932189465
3400932189694
3400932190294
3400932192946
3400932197040
3400932197569
3400932200672
3400932200733
3400932207718
3400932209378
3400932214341
3400932223046
3400932223565
3400932223626
3400932223794
3400932225637
3400932226757
3400932227709
3400932229130
3400932229598
3400932234622
3400932238873
3400932241484
3400932242665
3400932242955
3400932243266
3400932250479
3400932250998
3400932252602
3400932265268
3400932268801
3400932279807
3400932285020
3400932297955
3400932300020
3400932301140
3400932303502
3400932303731
3400932306282
3400932306923
3400932307005
3400932308293
3400932309016
3400932309245
3400932310135
3400932317929
3400932320189
3400932327515
3400932331536
3400932331994
3400932332427
3400932334209
3400932340170
3400932340750
3400932341641
3400932345205
3400932350865
3400932351008
3400932351176
3400932360161
3400932381791
3400932382743
3400932386994
3400932387076
3400932387656
3400932389438
3400932399192
3400932399482
3400932400874
3400932403028
3400932407620
3400932409860
3400932410811
3400932411061
3400932420285
3400932421756
3400932425549
3400932425600
3400932428731
3400932430161
3400932434824
3400932440276
3400932440795
3400932448432
3400932448951
3400932454006
3400932456246
3400932458776
3400932458837
3400932459087
3400932459148
3400932459209
3400932459377
3400932459438
3400932459667
3400932459728
3400932460267
3400932460496
3400932473335
3400932473564
3400932487813
3400932492374
3400932500390
3400932500970
3400932507955
3400932513819
3400932520732
3400932530908
3400932531097
3400932531158
3400932549429
3400932555222
3400932557462
3400932560134
3400932567577
3400932570010
3400932598335
3400932606351
3400932606641
3400932606702
3400932606870
3400932608423
3400932610204
3400932613045
3400932614394
3400932621729
3400932623389
3400932634095
3400932634507
3400932634965
3400932635108
3400932636228
3400932636808
3400932636976
3400932637058
3400932638239
3400932644322
3400932644490
3400932644551
3400932645213
3400932645503
3400932657100
3400932661121
3400932661350
3400932669684
3400932670345
3400932670406
3400932670925
3400932671007
3400932674886
3400932675258
3400932676729
3400932679041
3400932680689
3400932681051
3400932681570
3400932681921
3400932682812
3400932683062
3400932687374
3400932687435
3400932695010
3400932695188
3400932695249
3400932695300
3400932696888
3400932699322
3400932703616
3400932708178
3400932708987
3400932709069
3400932722426
3400932722594
3400932723836
3400932725496
3400932725786
3400932725847
3400932726677
3400932727278
3400932729111
3400932730759
3400932731121
3400932731411
3400932736492
3400932736553
3400932748099
3400932748150
3400932748501
3400932758265
3400932762057
3400932781737
3400932782048
3400932782567
3400932782796
3400932782857
3400932783168
3400932783458
3400932785179
3400932790661
3400932805204
3400932805372
3400932805433
3400932807154
3400932807215
3400932810574
3400932812585
3400932825653
3400932826605
3400932827084
3400932829446
3400932830336
3400932830565
3400932838080
3400932840212
3400932843633
3400932849895
3400932850266
3400932851218
3400932852048
3400932855520
3400932855759
3400932855988
3400932858422
3400932861033
3400932862092
3400932865284
3400932867417
3400932869718
3400932869886
3400932869947
3400932870028
3400932882724
3400932886227
3400932886975
3400932892198
3400932896103
3400932896271
3400932902057
3400932902866
3400932903238
3400932903818
3400932904587
3400932905997
3400932910731
3400932912742
3400932913282
3400932922277
3400932924400
3400932924639
3400932924929
3400932929252
3400932931491
3400932932672
3400932934744
3400932935055
3400932935345
3400932936694
3400932936984
3400932939657
3400932945160
3400932945450
3400932946921
3400932947461
3400932947980
3400932948062
3400932952724
3400932953615
3400932954094
3400932954506
3400932955107
3400932955336
3400932956395
3400932959419
3400932963898
3400932964499
3400932969005
3400932969173
3400932970414
3400932975785
3400932975846
3400932976157
3400932980468
3400932981359
3400932984312
3400932985371
3400932989164
3400932989225
3400932992935
3400932993536
3400932999040
3400932999101
3400932999859
3400933000042
3400933000912
3400933010737
3400933010966
3400933016012
3400933018023
3400933022105
3400933024055
3400933024116
3400933035921
3400933040253
3400933041144
3400933046057
3400933046347
3400933047467
3400933053901
3400933054212
3400933054960
3400933055042
3400933055103
3400933056223
3400933056391
3400933068578
3400933069001
3400933069988
3400933071998
3400933073770
3400933081065
3400933090289
3400933090340
3400933090401
3400933090630
3400933090869
3400933091002
3400933094881
3400933095253
3400933100957
3400933102449
3400933102678
3400933103279
3400933103569
3400933104160
3400933104399
3400933104801
3400933105051
3400933105570
3400933105860
3400933106461
3400933106690
3400933107703
3400933108014
3400933108472
3400933108991
3400933111434
3400933114107
3400933115517
3400933115685
3400933116866
3400933117238
3400933117757
3400933121488
3400933121549
3400933121600
3400933122089
3400933126162
3400933126391
3400933126742
3400933127343
3400933129415
3400933131135
3400933132255
3400933133085
3400933143312
3400933145262
3400933145552
3400933148744
3400933158330
3400933167035
3400933170806
3400933171346
3400933171407
3400933171575
3400933173128
3400933180850
3400933186654
3400933187545
3400933189846
3400933191337
3400933193577
3400933193928
3400933194758
3400933194819
3400933198312
3400933199081
3400933207977
3400933209230
3400933217334
3400933220754
3400933221355
3400933222185
3400933222475
3400933226558
3400933227159
3400933227210
3400933228910
3400933229160
3400933239794
3400933247089
3400933247379
3400933248611
3400933248840
3400933254063
3400933257026
3400933257606
3400933263577
3400933264529
3400933265878
3400933270551
3400933271152
3400933271732
3400933275174
3400933275815
3400933276294
3400933276645
3400933276874
3400933276935
3400933277826
3400933278885
3400933283858
3400933292324
3400933295226
3400933298296
3400933302061
3400933304072
3400933304652
3400933306953
3400933307844
3400933307905
3400933308094
3400933308155
3400933308216
3400933308445
3400933308506
3400933308674
3400933308735
3400933308964
3400933313128
3400933313357
3400933313586
3400933314019
3400933314248
3400933314309
3400933315139
3400933316259
3400933316778
3400933318901
3400933323523
3400933323691
3400933323752
3400933323813
3400933324933
3400933327545
3400933329266
3400933329327
3400933332518
3400933333577
3400933333928
3400933338022
3400933340780
3400933341091
3400933341671
3400933341961
3400933349776
3400933349837
3400933366636
3400933366865
3400933370718
3400933373320
3400933381943
3400933382315
3400933382544
3400933383084
3400933384616
3400933386856
3400933389178
3400933403119
3400933403287
3400933403577
3400933411213
3400933411381
3400933413224
3400933418946
3400933423629
3400933423797
3400933423858
3400933429591
3400933433093
3400933433154
3400933433215
3400933433383
3400933435745
3400933443498
3400933443559
3400933449582
3400933449933
3400933450243
3400933457808
3400933462888
3400933464660
3400933466091
3400933467562
3400933467852
3400933467913
3400933468392
3400933468453
3400933468743
3400933472016
3400933472184
3400933479978
3400933480059
3400933480400
3400933484132
3400933487614
3400933488383
3400933488734
3400933488963
3400933489045
3400933494186
3400933495657
3400933495718
3400933495947
3400933496777
3400933498269
3400933499501
3400933499730
3400933502614
3400933502843
3400933503673
3400933503734
3400933515102
3400933516390
3400933518004
3400933521134
3400933523084
3400933523435
3400933523664
3400933524784
3400933524845
3400933525385
3400933527167
3400933527228
3400933529697
3400933529819
3400933530129
3400933531539
3400933532369
3400933536442
3400933539283
3400933539344
3400933547097
3400933547158
3400933548100
3400933548278
3400933549749
3400933551759
3400933559793
3400933563585
3400933564308
3400933566548
3400933566777
3400933569389
3400933569969
3400933572112
3400933572280
3400933572341
3400933575991
3400933576943
3400933582166
3400933582456
3400933586478
3400933586539
3400933589899
3400933589950
3400933590499
3400933590550
3400933592042
3400933593971
3400933595692
3400933595982
3400933602130
3400933603601
3400933603779
3400933603830
3400933604080
3400933604370
3400933604721
3400933605490
3400933606961
3400933608743
3400933609573
3400933620578
3400933639389
3400933640620
3400933649616
3400933651565
3400933652166
3400933652395
3400933661090
3400933662912
3400933665814
3400933666354
3400933666644
3400933670375
3400933670665
3400933670894
3400933672966
3400933681951
3400933683962
3400933684105
3400933684792
3400933684914
3400933686635
3400933689766
3400933692148
3400933696511
3400933699062
3400933713751
3400933715762
3400933727130
3400933727369
3400933728489
3400933733971
3400933734053
3400933735692
3400933737535
3400933747879
3400933752903
3400933753153
3400933753672
3400933761028
3400933761318
3400933764098
3400933765620
3400933766689
3400933770532
3400933771072
3400933771133
3400933771362
3400933771423
3400933771591
3400933773205
3400933773373
3400933773434
3400933775155
3400933775735
3400933776794
3400933776855
3400933777166
3400933777227
3400933778286
3400933778927
3400933780418
3400933780647
3400933782597
3400933782887
3400933783310
3400933783488
3400933785260
3400933785321
3400933785499
3400933788742
3400933789862
3400933790172
3400933791643
3400933792763
3400933793593
3400933793715
3400933793944
3400933794316
3400933794545
3400933794606
3400933794774
3400933795146
3400933795375
3400933795436
3400933795665
3400933796037
3400933796266
3400933797447
3400933797508
3400933799229
3400933801380
3400933801441
3400933807245
3400933807306
3400933808884
3400933809775
3400933814458
3400933814687
3400933817930
3400933823382
3400933825973
3400933826345
3400933827465
3400933828066
3400933829247
3400933830595
3400933830885
3400933832377
3400933833619
3400933838980
3400933840303
3400933840471
3400933844493
3400933845384
3400933845735
3400933846336
3400933846855
3400933851248
3400933851309
3400933852078
3400933852429
3400933857042
3400933858681
3400933858803
3400933859053
3400933861872
3400933863425
3400933863593
3400933863715
3400933864774
3400933865085
3400933865146
3400933867737
3400933867966
3400933868277
3400933870577
3400933870638
3400933876203
3400933877262
3400933878733
3400933880453
3400933880514
3400933884246
3400933888787
3400933890568
3400933890629
3400933894351
3400933894412
3400933894580
3400933894870
3400933895013
3400933898434
3400933898663
3400933899554
3400933899615
3400933903619
3400933904678
3400933905330
3400933905569
3400933905620
3400933905798
3400933905859
3400933905910
3400933911881
3400933912482
3400933913083
3400933916336
3400933916794
3400933917227
3400933919467
3400933922368
3400933927561
3400933927912
3400933929282
3400933929404
3400933933074
3400933933364
3400933935436
3400933936327
3400933937218
3400933940119
3400933940287
3400933941178
3400933941468
3400933943769
3400933943998
3400933944421
3400933951283
3400933951405
3400933952235
3400933952464
3400933953645
3400933954185
3400933956547
3400933958329
3400933960858
3400933961688
3400933963460
3400933963521
3400933963811
3400933965242
3400933965303
3400933965532
3400933967543
3400933968892
3400933969554
3400933972394
3400933972516
3400933972684
3400933972806
3400933972974
3400933973117
3400933978839
3400933983680
3400933984052
3400933984281
3400933986124
3400933986353
3400933998189
3400934000713
3400934001024
3400934003905
3400934004155
3400934004216
3400934008009
3400934021305
3400934031649
3400934034190
3400934035371
3400934035661
3400934035890
3400934038563
3400934038792
3400934039454
3400934042416
3400934042874
3400934043017
3400934043185
3400934043826
3400934045547
3400934045837
3400934047039
3400934052460
3400934052750
3400934053061
3400934053290
3400934053702
3400934057144
3400934060335
3400934062056
3400934064357
3400934069550
3400934075124
3400934081095
3400934081217
3400934081446
3400934083228
3400934083686
3400934083808
3400934086298
3400934086649
3400934086878
3400934089480
3400934090141
3400934090370
3400934090431
3400934090660
3400934090899
3400934090950
3400934097126
3400934097645
3400934103650
3400934104831
3400934105432
3400934115608
3400934115776
3400934116896
3400934124471
3400934124822
3400934125652
3400934125942
3400934126024
3400934126253
3400934126482
3400934127373
3400934130045
3400934130106
3400934135019
3400934136139
3400934138201
3400934142680
3400934145124
3400934145292
3400934147135
3400934147364
3400934147425
3400934147715
3400934147883
3400934152566
3400934164682
3400934165634
3400934166525
3400934168475
3400934170836
3400934171727
3400934175220
3400934176579
3400934177002
3400934178122
3400934178290
3400934195211
3400934195389
3400934199691
3400934207259
3400934207839
3400934210211
3400934210389
3400934210440
3400934210501
3400934215063
3400934215872
3400934215933
3400934216015
3400934216992
3400934217074
3400934217135
3400934218194
3400934223228
3400934223976
3400934224058
3400934232732
3400934234453
3400934234743
3400934236525
3400934237355
3400934237706
3400934238307
3400934238475
3400934238536
3400934238765
3400934239076
3400934239946
3400934240485
3400934243158
3400934243677
3400934244100
3400934244278
3400934244339
3400934250071
3400934252891
3400934254093
3400934263729
3400934263958
3400934291234
3400934291463
3400934292125
3400934292293
3400934300141
3400934300660
3400934301261
3400934301322
3400934301490
3400934301551
3400934304392
3400934306754
3400934306815
3400934306983
3400934307065
3400934309885
3400934313219
3400934314278
3400934314568
3400934314797
3400934315800
3400934318061
3400934318580
3400934323263
3400934326165
3400934331138
3400934333729
3400934338113
3400934338342
3400934361692
3400934362415
3400934364884
3400934366376
3400934368219
3400934368509
3400934373299
3400934373930
3400934375361
3400934375590
3400934376313
3400934380792
3400934380914
3400934384066
3400934384127
3400934384417
3400934384585
3400934384646
3400934384707
3400934384875
3400934384936
3400934385018
3400934385186
3400934385247
3400934387258
3400934387487
3400934387609
3400934392511
3400934394232
3400934394522
3400934394812
3400934394980
3400934398025
3400934398193
3400934398483
3400934407512
3400934410413
3400934410642
3400934410932
3400934415494
3400934415555
3400934415784
3400934416446
3400934419409
3400934423079
3400934424021
3400934424779
3400934427381
3400934428043
3400934428272
3400934429804
3400934429972
3400934433474
3400934433535
3400934433825
3400934433993
3400934436147
3400934436376
3400934436895
3400934438738
3400934450853
3400934451164
3400934453984
3400934454127
3400934455186
3400934456138
3400934464171
3400934466304
3400934475696
3400934483561
3400934499821
3400934502064
3400934505317
3400934507038
3400934507328
3400934507786
3400934508677
3400934508967
3400934509100
3400934509339
3400934521393
3400934535932
3400934543807
3400934543975
3400934544057
3400934544408
3400934544576
3400934544927
3400934545467
3400934545696
3400934545818
3400934546068
3400934546297
3400934546648
3400934547300
3400934548420
3400934549021
3400934549311
3400934549540
3400934549779
3400934549830
3400934557415
3400934557583
3400934563157
3400934563218
3400934565519
3400934566578
3400934568350
3400934568701
3400934569180
3400934586101
3400934591761
3400934595325
3400934595493
3400934599057
3400934600500
3400934600678
3400934600739
3400934601101
3400934605703
3400934606182
3400934606533
3400934609725
3400934610493
3400934610554
3400934610615
3400934610783
3400934611094
3400934611445
3400934612855
3400934614118
3400934615467
3400934624223
3400934625923
3400934626524
3400934626753
3400934627583
3400934628184
3400934628245
3400934628474
3400934628535
3400934630484
3400934630545
3400934630606
3400934630774
3400934631436
3400934631665
3400934631726
3400934633157
3400934636578
3400934638879
3400934639302
3400934639470
3400934641022
3400934641190
3400934641251
3400934642203
3400934646683
3400934648694
3400934648816
3400934650185
3400934653728
3400934654039
3400934654329
3400934654558
3400934654787
3400934655678
3400934656330
3400934656798
3400934658570
3400934659003
3400934659171
3400934661822
3400934662713
3400934665325
3400934666674
3400934670527
3400934672248
3400934675720
3400934676031
3400934677212
3400934677670
3400934680861
3400934681462
3400934681813
3400934688096
3400934692239
3400934696831
3400934697371
3400934698613
3400934699092
3400934712081
3400934712722
3400934713842
3400934714443
3400934715563
3400934718816
3400934718984
3400934730061
3400934730580
3400934731181
3400934732881
3400934733024
3400934733314
3400934733604
3400934733772
3400934734953
3400934736216
3400934737046
3400934738227
3400934739866
3400934741296
3400934741357
3400934741708
3400934742309
3400934742828
3400934744198
3400934745140
3400934748271
3400934748561
3400934750922
3400934751691
3400934751981
3400934752872
3400934753183
3400934754944
3400934757785
3400934757846
3400934760457
3400934761638
3400934763298
3400934767081
3400934767203
3400934772283
3400934777196
3400934779619
3400934779787
3400934780509
3400934783289
3400934783869
3400934785351
3400934786181
3400934793684
3400934794346
3400934794407
3400934796708
3400934797187
3400934802362
3400934802591
3400934802652
3400934803833
3400934804434
3400934806384
3400934808166
3400934809118
3400934809408
3400934809866
3400934810176
3400934810695
3400934814020
3400934814549
3400934822353
3400934824593
3400934825484
3400934825545
3400934827266
3400934827327
3400934827617
3400934827846
3400934828096
3400934828157
3400934828966
3400934829109
3400934830518
3400934830686
3400934830747
3400934830808
3400934831287
3400934832468
3400934832529
3400934833298
3400934833359
3400934835131
3400934837432
3400934837661
3400934839504
3400934839962
3400934840272
3400934840333
3400934840562
3400934840852
3400934841453
3400934841514
3400934841682
3400934847486
3400934850509
3400934850738
3400934857423
3400934857591
3400934857713
3400934857881
3400934860492
3400934861505
3400934861673
3400934869778
3400934869839
3400934870088
3400934872730
3400934874741
3400934874802
3400934876233
3400934877353
3400934877704
3400934878244
3400934878824
3400934879944
3400934882555
3400934883507
3400934883675
3400934884276
3400934884627
3400934887000
3400934887468
3400934889479
3400934890130
3400934890420
3400934890659
3400934890888
3400934891021
3400934891199
3400934891779
3400934892141
3400934898815
3400934898983
3400934902819
3400934902987
3400934903700
3400934903878
3400934904189
3400934912405
3400934913174
3400934917547
3400934920448
3400934928604
3400934931215
3400934936708
3400934936876
3400934944512
3400934944680
3400934951374
3400934965562
3400934965913
3400934966163
3400934966743
3400934968174
3400934975509
3400934975677
3400934976100
3400934976339
3400934977220
3400934989346
3400934990007
3400934991295
3400934992308
3400934998331
3400934998799
3400934999161
3400934999451
3400935001863
3400935002525
3400935002815
3400935003065
3400935003294
3400935003416
3400935005076
3400935009159
3400935011169
3400935020734
3400935020963
3400935024176
3400935025128
3400935036582
3400935038593
3400935038944
3400935041784
3400935042217
3400935045119
3400935045638
3400935060594
3400935067050
3400935067111
3400935067340
3400935068811
3400935072191
3400935073433
3400935073723
3400935080936
3400935082718
3400935082886
3400935082947
3400935086501
3400935102911
3400935105752
3400935105813
3400935109484
3400935109545
3400935109774
3400935110664
3400935111036
3400935111784
3400935116758
3400935125392
3400935125453
3400935125514
3400935130594
3400935133786
3400935134097
3400935134158
3400935134219
3400935136398
3400935136749
3400935136800
3400935137340
3400935147394
3400935153609
3400935154439
3400935154958
3400935158222
3400935159281
3400935160232
3400935160690
3400935161581
3400935166906
3400935167095
3400935173010
3400935177322
3400935177551
3400935177780
3400935177902
3400935179043
3400935183293
3400935186256
3400935186836
3400935192059
3400935193759
3400935196712
3400935196941
3400935197023
3400935199904
3400935200426
3400935200884
3400935201256
3400935201485
3400935201836
3400935202376
3400935202895
3400935203328
3400935203908
3400935208231
3400935211132
3400935211422
3400935218285
3400935224200
3400935233073
3400935235145
3400935236036
3400935236906
3400935238856
3400935239167
3400935239396
3400935239518
3400935239747
3400935239976
3400935243300
3400935244130
3400935244369
3400935247490
3400935248442
3400935251862
3400935251923
3400935252005
3400935252173
3400935252234
3400935252463
3400935253354
3400935259097
3400935259219
3400935264299
3400935264350
3400935265012
3400935268433
3400935279668
3400935279897
3400935281388
3400935281678
3400935284112
3400935284921
3400935286291
3400935286352
3400935287014
3400935291035
3400935291783
3400935294227
3400935294395
3400935295408
3400935295576
3400935295637
3400935295866
3400935295927
3400935296177
3400935296238
3400935296467
3400935296696
3400935296818
3400935296986
3400935297068
3400935297129
3400935297297
3400935297419
3400935298539
3400935301413
3400935305145
3400935306326
3400935306906
3400935307095
3400935307446
3400935309747
3400935309808
3400935310866
3400935311009
3400935312877
3400935312938
3400935313188
3400935313997
3400935314079
3400935314130
3400935314369
3400935314420
3400935314659
3400935314710
3400935314888
3400935315021
3400935315199
3400935318091
3400935318152
3400935318381
3400935318503
3400935318671
3400935318961
3400935320742
3400935321114
3400935322982
3400935325594
3400935329219
3400935332639
3400935332868
3400935334060
3400935334640
3400935334879
3400935335012
3400935335241
3400935335470
3400935336422
3400935336651
3400935337023
3400935337252
3400935337542
3400935337771
3400935338723
3400935338952
3400935339492
3400935339843
3400935345936
3400935352101
3400935355522
3400935355690
3400935355751
3400935356642
3400935357014
3400935357243
3400935357472
3400935358134
3400935358363
3400935377524
3400935377692
3400935377982
3400935378064
3400935378583
3400935378644
3400935378705
3400935386229
3400935395153
3400935395382
3400935395504
3400935395672
3400935397454
3400935403988
3400935404060
3400935407191
3400935409614
3400935416476
3400935416995
3400935420909
3400935421500
3400935422279
3400935427182
3400935429315
3400935429483
3400935434975
3400935436238
3400935436696
3400935436818
3400935437068
3400935439079
3400935440488
3400935443090
3400935444271
3400935447005
3400935451316
3400935454218
3400935458179
3400935459060
3400935459350
3400935459701
3400935463203
3400935466563
3400935466624
3400935469236
3400935469526
3400935469694
3400935473547
3400935476500
3400935477279
3400935477330
3400935477910
3400935479341
3400935482471
3400935485724
3400935485953
3400935486264
3400935489975
3400935490575
3400935490865
3400935492586
3400935495259
3400935495839
3400935496430
3400935496669
3400935497031
3400935497260
3400935497499
3400935499622
3400935500144
3400935504975
3400935505057
3400935506528
3400935507587
3400935507877
3400935508300
3400935508768
3400935509130
3400935510259
3400935511201
3400935514103
3400935514561
3400935514790
3400935524676
3400935524737
3400935527400
3400935528698
3400935528988
3400935530189
3400935530240
3400935530769
3400935531131
3400935531650
3400935533203
3400935533371
3400935533432
3400935533890
3400935533951
3400935537164
3400935537393
3400935539755
3400935545787
3400935545848
3400935546968
3400935547040
3400935547279
3400935547910
3400935548399
3400935554192
3400935554253
3400935554314
3400935555892
3400935555953
3400935556035
3400935556844
3400935557506
3400935561466
3400935561817
3400935562067
3400935562708
3400935564719
3400935565259
3400935566140
3400935566201
3400935566720
3400935567260
3400935567550
3400935568960
3400935569271
3400935575135
3400935575654
3400935581976
3400935582119
3400935582348
3400935582867
3400935582928
3400935584069
3400935584410
3400935584700
3400935584878
3400935585301
3400935585530
3400935588081
3400935589033
3400935589262
3400935589781
3400935590503
3400935601360
3400935601650
3400935601711
3400935602251
3400935602312
3400935607744
3400935608055
3400935609816
3400935613028
3400935613196
3400935613318
3400935613486
3400935613547
3400935615787
3400935616449
3400935619921
3400935620170
3400935620699
3400935624482
3400935626325
3400935628855
3400935628916
3400935629395
3400935631466
3400935631527
3400935631756
3400935631817
3400935631985
3400935634139
3400935634429
3400935634658
3400935634887
3400935634948
3400935644183
3400935644244
3400935645883
3400935646026
3400935646835
3400935647085
3400935650627
3400935651518
3400935652638
3400935652867
3400935653178
3400935653468
3400935655769
3400935656070
3400935656421
3400935656599
3400935657190
3400935658203
3400935658432
3400935658661
3400935658722
3400935658890
3400935659552
3400935660381
3400935668196
3400935668257
3400935671387
3400935673169
3400935673220
3400935673459
3400935674401
3400935676641
3400935677242
3400935678133
3400935681614
3400935684455
3400935684516
3400935684684
3400935688477
3400935692610
3400935692788
3400935693099
3400935697691
3400935697752
3400935703828
3400935704078
3400935704658
3400935704719
3400935706140
3400935706669
3400935708670
3400935712004
3400935713063
3400935715135
3400935715715
3400935718495
3400935719676
3400935721518
3400935726599
3400935728722
3400935728890
3400935728951
3400935730961
3400935731043
3400935731104
3400935736994
3400935737137
3400935737366
3400935737885
3400935738028
3400935738196
3400935740328
3400935740557
3400935741158
3400935741738
3400935742100
3400935742568
3400935743800
3400935744050
3400935744869
3400935745460
3400935745521
3400935745989
3400935746412
3400935746641
3400935746931
3400935748652
3400935748713
3400935756466
3400935760197
3400935760258
3400935760319
3400935763730
3400935764102
3400935765680
3400935765741
3400935765802
3400935765970
3400935766052
3400935770424
3400935770714
3400935770943
3400935771025
3400935772893
3400935772954
3400935779298
3400935780188
3400935781420
3400935781659
3400935781888
3400935783660
3400935783899
3400935784032
3400935784902
3400935785152
3400935785381
3400935786104
3400935786852
3400935786913
3400935788924
3400935789525
3400935790125
3400935794147
3400935794208
3400935794376
3400935796158
3400935804983
3400935805294
3400935805416
3400935805645
3400935805874
3400935806307
3400935806826
3400935807366
3400935811387
3400935811677
3400935812049
3400935812568
3400935813169
3400935813688
3400935817181
3400935817303
3400935817532
3400935823274
3400935825056
3400935825117
3400935825407
3400935829139
3400935829597
3400935833440
3400935833969
3400935834799
3400935834911
3400935835161
3400935835970
3400935836113
3400935836571
3400935837004
3400935838582
3400935842664
3400935843494
3400935843845
3400935844217
3400935844675
3400935845276
3400935845856
3400935845917
3400935846747
3400935847638
3400935848178
3400935848819
3400935849588
3400935849649
3400935850010
3400935850249
3400935850539
3400935853202
3400935853370
3400935856043
3400935856333
3400935856852
3400935856913
3400935857392
3400935860705
3400935863195
3400935866738
3400935867049
3400935875723
3400935876324
3400935876553
3400935876782
3400935876843
3400935877154
3400935881175
3400935881755
3400935883766
3400935884138
3400935884367
3400935884428
3400935887559
3400935895134
3400935895424
3400935895714
3400935895882
3400935898845
3400935899095
3400935899217
3400935900258
3400935900487
3400935901149
3400935901897
3400935902269
3400935905451
3400935905970
3400935919410
3400935919588
3400935922021
3400935922199
3400935922311
3400935922540
3400935922601
3400935922779
3400935924490
3400935924551
3400935924612
3400935928863
3400935928924
3400935929006
3400935929174
3400935929235
3400935930583
3400935931016
3400935931245
3400935940698
3400935941411
3400935946492
3400935948274
3400935948335
3400935948564
3400935948625
3400935948793
3400935948854
3400935948915
3400935949165
3400935949684
3400935949974
3400935952417
3400935952585
3400935952707
3400935952936
3400935953018
3400935954718
3400935955838
3400935956378
3400935956668
3400935959560
3400935959799
3400935964243
3400935973696
3400935974648
3400935978660
3400935978721
3400935979780
3400935979841
3400935980380
3400935981332
3400935985293
3400935985354
3400935985583
3400935989727
3400935991386
3400935993519
3400935993748
3400935993977
3400935994110
3400935995810
3400935995988
3400935996060
3400935996121
3400935996299
3400935996411
3400935997302
3400935997531
3400935998712
3400936003736
3400936005167
3400936006638
3400936009011
3400936011250
3400936011311
3400936012431
3400936013032
3400936013612
3400936014961
3400936015104
3400936015272
3400936019416
3400936020016
3400936023208
3400936024267
3400936024496
3400936025158
3400936025219
3400936025967
3400936026049
3400936027220
3400936027398
3400936030879
3400936033832
3400936034723
3400936035843
3400936035904
3400936036093
3400936037625
3400936038974
3400936048850
3400936048911
3400936049161
3400936049222
3400936052413
3400936052581
3400936053472
3400936054363
3400936055834
3400936056664
3400936057036
3400936057845
3400936058675
3400936058965
3400936060456
3400936061637
3400936061866
3400936064997
3400936065659
3400936065710
3400936065888
3400936065949
3400936075474
3400936075993
3400936076136
3400936077546
3400936078376
3400936078437
3400936078727
3400936080218
3400936080386
3400936081918
3400936082687
3400936086999
3400936087422
3400936087880
3400936087941
3400936088023
3400936088542
3400936089082
3400936089143
3400936089204
3400936089372
3400936091443
3400936091504
3400936093164
3400936093225
3400936093393
3400936093515
3400936093973
3400936094406
3400936097766
3400936098138
3400936100640
3400936100701
3400936101999
3400936102712
3400936103023
3400936105034
3400936106734
3400936108974
3400936109056
3400936109285
3400936110694
3400936111066
3400936111585
3400936112766
3400936114258
3400936114548
3400936114609
3400936114777
3400936114838
3400936115088
3400936115378
3400936115668
3400936116269
3400936116320
3400936116498
3400936116788
3400936117389
3400936118041
3400936118102
3400936118270
3400936118331
3400936119970
3400936120112
3400936120280
3400936120341
3400936120921
3400936124592
3400936124714
3400936125315
3400936125605
3400936125773
3400936126145
3400936126206
3400936126374
3400936126435
3400936127036
3400936127326
3400936128385
3400936128446
3400936130517
3400936130685
3400936131576
3400936131637
3400936133358
3400936133648
3400936133709
3400936137080
3400936141452
3400936141971
3400936143173
3400936143234
3400936143463
3400936143524
3400936144415
3400936144583
3400936144644
3400936144705
3400936145245
3400936145825
3400936145993
3400936146365
3400936146426
3400936146594
3400936146655
3400936150966
3400936151567
3400936153059
3400936153868
3400936155411
3400936155589
3400936155640
3400936155701
3400936156470
3400936156821
3400936157361
3400936157422
3400936157712
3400936158832
3400936159952
3400936160033
3400936161214
3400936161382
3400936161504
3400936161672
3400936161733
3400936161962
3400936162044
3400936162273
3400936162792
3400936163683
3400936163805
3400936164116
3400936166707
3400936167766
3400936168428
3400936169319
3400936169548
3400936170728
3400936170896
3400936171558
3400936173859
3400936173910
3400936174450
3400936175051
3400936175280
3400936178991
3400936179882
3400936180314
3400936182554
3400936191259
3400936192959
3400936196223
3400936196452
3400936198173
3400936206601
3400936206779
3400936206830
3400936208261
3400936208490
3400936208841
3400936209503
3400936209671
3400936209961
3400936210042
3400936213692
3400936215993
3400936217027
3400936217836
3400936218086
3400936221628
3400936221857
3400936224759
3400936224988
3400936225060
3400936225640
3400936226531
3400936226760
3400936226821
3400936226999
3400936227071
3400936238428
3400936239777
3400936240087
3400936240209
3400936240667
3400936241909
3400936242159
3400936242388
3400936246751
3400936246980
3400936247123
3400936247642
3400936248182
3400936249134
3400936249363
3400936249424
3400936250314
3400936250543
3400936251373
3400936256576
3400936260948
3400936261020
3400936263260
3400936266162
3400936266513
3400936271883
3400936273085
3400936274617
3400936275096
3400936275508
3400936277229
3400936277397
3400936279988
3400936280359
3400936280878
3400936281011
3400936281301
3400936281769
3400936282421
3400936282889
3400936282940
3400936284432
3400936284661
3400936284951
3400936285552
3400936286214
3400936286443
3400936292246
3400936292475
3400936293137
3400936293427
3400936293885
3400936294028
3400936298859
3400936299689
3400936299740
3400936308718
3400936309197
3400936309319
3400936312500
3400936313798
3400936315341
3400936316232
3400936317123
3400936318304
3400936318991
3400936320482
3400936321083
3400936326118
3400936329539
3400936336681
3400936341593
3400936341654
3400936344266
3400936344495
3400936344617
3400936344846
3400936345386
3400936345737
3400936346277
3400936346628
3400936346918
3400936347168
3400936347458
3400936347519
3400936347977
3400936348059
3400936348110
3400936349001
3400936350700
3400936351189
3400936358393
3400936362185
3400936363366
3400936366848
3400936380684
3400936380745
3400936381056
3400936381575
3400936381636
3400936381865
3400936381926
3400936384019
3400936384248
3400936384309
3400936387089
3400936387140
3400936388901
3400936393172
3400936393523
3400936394643
3400936395534
3400936396425
3400936396654
3400936397026
3400936397194
3400936397774
3400936398085
3400936401549
3400936404502
3400936406162
3400936406223
3400936406391
3400936406681
3400936406742
3400936406971
3400936407343
3400936407862
3400936409064
3400936409705
3400936410305
3400936410824
3400936411135
3400936411593
3400936411883
3400936412026
3400936412194
3400936413726
3400936414327
3400936414907
3400936416628
3400936422650
3400936424722
3400936425262
3400936429055
3400936429116
3400936429635
3400936430815
3400936430983
3400936431126
3400936434608
3400936438040
3400936439740
3400936440111
3400936440579
3400936440920
3400936441460
3400936442412
3400936443471
3400936446953
3400936450516
3400936450974
3400936452985
3400936453067
3400936453357
3400936453647
3400936453708
3400936455719
3400936456549
3400936456839
3400936457898
3400936466425
3400936466654
3400936466715
3400936466883
3400936466944
3400936467545
3400936468375
3400936468436
3400936468665
3400936468726
3400936468955
3400936469037
3400936469266
3400936469327
3400936469495
3400936475939
3400936476240
3400936476769
3400936476998
3400936478541
3400936481732
3400936483743
3400936485464
3400936486294
3400936487307
3400936497931
3400936498990
3400936499881
3400936499942
3400936501126
3400936501935
3400936505896
3400936511811
3400936511989
3400936512061
3400936512702
3400936512870
3400936512931
3400936513013
3400936513181
3400936513242
3400936513303
3400936513532
3400936514133
3400936515543
3400936515772
3400936516083
3400936516205
3400936516434
3400936517905
3400936518094
3400936518506
3400936519275
3400936519916
3400936520806
3400936521407
3400936522527
3400936523418
3400936523708
3400936534933
3400936535015
3400936535183
3400936551152
3400936551213
3400936551381
3400936551442
3400936551503
3400936551671
3400936551732
3400936557185
3400936558076
3400936560147
3400936561847
3400936562219
3400936562387
3400936562738
3400936562967
3400936563278
3400936563339
3400936564459
3400936564749
3400936564978
3400936565050
3400936565289
3400936565340
3400936565579
3400936565630
3400936566460
3400936567641
3400936568242
3400936568471
3400936568532
3400936569423
3400936571082
3400936571143
3400936571204
3400936572324
3400936572614
3400936572782
3400936572843
3400936573093
3400936573154
3400936573215
3400936573383
3400936574564
3400936574625
3400936574793
3400936575806
3400936578067
3400936578357
3400936578418
3400936578937
3400936579019
3400936579538
3400936580138
3400936580367
3400936580596
3400936580947
3400936581319
3400936581777
3400936582439
3400936582729
3400936582897
3400936582958
3400936583030
3400936583320
3400936583849
3400936583900
3400936584099
3400936584150
3400936584211
3400936584389
3400936584969
3400936586451
3400936586512
3400936587113
3400936587281
3400936588523
3400936588752
3400936592834
3400936593084
3400936593145
3400936593206
3400936593374
3400936593435
3400936593664
3400936594265
3400936594555
3400936594845
3400936594906
3400936595736
3400936596047
3400936596627
3400936597167
3400936597396
3400936617889
3400936618190
3400936618251
3400936618480
3400936618541
3400936646865
3400936647466
3400936647527
3400936648296
3400936648418
3400936648586
3400936648876
3400936649187
3400936650657
3400936650718
3400936650886
3400936651258
3400936651548
3400936652149
3400936652200
3400936652378
3400936652668
3400936654501
3400936654730
3400936655041
3400936655799
3400936656161
3400936656222
3400936657052
3400936657403
3400936658752
3400936659063
3400936659582
3400936659872
3400936660304
3400936660762
3400936664036
3400936665736
3400936666856
3400936668119
3400936668287
3400936670877
3400936671010
3400936677272
3400936677623
3400936677852
3400936678514
3400936678743
3400936680463
3400936681293
3400936681644
3400936682184
3400936682245
3400936682474
3400936683075
3400936683136
3400936685147
3400936685666
3400936686038
3400936686557
3400936687509
3400936690349
3400936690868
3400936690929
3400936698734
3400936699106
3400936699625
3400936699793
3400936702158
3400936702509
3400936703049
3400936703919
3400936704459
3400936704800
3400936705289
3400936705340
3400936708013
3400936708181
3400936708990
3400936709072
3400936709713
3400936711204
3400936711372
3400936713093
3400936713505
3400936713963
3400936714274
3400936714625
3400936715394
3400936716117
3400936716346
3400936716865
3400936717756
3400936717817
3400936721487
3400936722088
3400936722668
3400936723269
3400936723788
3400936724211
3400936724679
3400936724730
3400936726451
3400936726680
3400936726741
3400936726802
3400936726970
3400936727342
3400936727861
3400936727922
3400936728172
3400936728813
3400936729414
3400936730472
3400936730762
3400936730991
3400936731882
3400936731943
3400936732025
3400936732315
3400936732483
3400936735965
3400936736047
3400936736337
3400936736917
3400936737167
3400936737228
3400936737808
3400936738058
3400936738287
3400936738638
3400936742420
3400936742598
3400936742659
3400936742710
3400936743199
3400936743250
3400936743311
3400936743489
3400936744141
3400936744202
3400936744370
3400936744660
3400936744899
3400936744950
3400936745261
3400936745322
3400936745490
3400936745551
3400936745612
3400936746091
3400936746213
3400936746381
3400936747562
3400936747913
3400936748514
3400936748682
3400936748972
3400936749283
3400936749344
3400936750234
3400936750463
3400936751125
3400936751293
3400936751354
3400936751415
3400936751583
3400936753716
3400936755727
3400936757219
3400936757509
3400936757738
3400936758797
3400936759169
3400936759459
3400936759800
3400936760349
3400936762640
3400936762701
3400936762879
3400936762930
3400936763012
3400936766372
3400936766891
3400936766952
3400936772465
3400936773295
3400936773356
3400936773875
3400936773936
3400936774476
3400936780569
3400936782341
3400936783171
3400936785533
3400936786073
3400936786363
3400936786592
3400936787193
3400936788084
3400936788435
3400936789555
3400936789784
3400936790964
3400936794238
3400936795709
3400936796010
3400936797598
3400936797659
3400936797710
3400936800243
3400936803374
3400936803435
3400936804845
3400936806795
3400936806856
3400936806917
3400936807457
3400936807518
3400936809178
3400936818972
3400936819054
3400936819344
3400936819634
3400936820814
3400936820982
3400936821125
3400936822306
3400936831179
3400936832060
3400936832879
3400936833760
3400936834651
3400936848269
3400936852860
3400936852921
3400936854703
3400936855182
3400936857193
3400936860094
3400936860155
3400936862746
3400936863057
3400936863118
3400936863347
3400936863576
3400936863637
3400936864009
3400936868540
3400936869202
3400936873742
3400936873971
3400936874343
3400936874633
3400936874923
3400936876064
3400936876293
3400936876415
3400936882447
3400936882966
3400936883338
3400936883628
3400936889422
3400936889651
3400936890251
3400936890312
3400936891661
3400936892033
3400936892613
3400936894044
3400936894273
3400936895164
3400936895225
3400936895454
3400936895744
3400936902299
3400936902589
3400936905771
3400936906143
3400936907553
3400936908383
3400936908444
3400936908505
3400936908673
3400936910683
3400936910744
3400936911055
3400936911345
3400936911635
3400936915428
3400936918498
3400936919211
3400936919440
3400936920330
3400936920859
3400936921450
3400936921740
3400936923171
3400936923690
3400936924291
3400936924642
3400936925182
3400936925243
3400936927544
3400936928374
3400936929036
3400936929845
3400936930506
3400936931046
3400936931107
3400936931336
3400936931565
3400936931794
3400936931916
3400936933866
3400936934696
3400936942103
3400936945524
3400936946125
3400936946583
3400936951037
3400936951266
3400936953857
3400936954168
3400936954397
3400936960602
3400936961371
3400936961661
3400936962491
3400936962552
3400936962903
3400936963443
3400936963504
3400936964105
3400936964273
3400936964334
3400936964563
3400936965973
3400936966116
3400936966284
3400936966925
3400936967007
3400936967816
3400936970885
3400936971486
3400936972957
3400936974210
3400936974449
3400936975569
3400936980181
3400936980532
3400936981652
3400936981942
3400936982253
3400936984615
3400936984783
3400936984905
3400936985155
3400936985384
3400936985674
3400936987746
3400936987807
3400936988057
3400936988118
3400936988286
3400936991996
3400936992368
3400936995321
3400936995789
3400937005319
3400937005777
3400937006200
3400937006729
3400937007269
3400937007610
3400937008099
3400937008440
3400937014243
3400937016254
3400937016315
3400937016605
3400937018616
3400937018845
3400937019095
3400937019675
3400937021685
3400937021807
3400937022347
3400937022576
3400937023818
3400937024297
3400937030502
3400937032452
3400937034692
3400937034982
3400937039086
3400937039895
3400937044868
3400937045230
3400937045469
3400937045520
3400937049771
3400937050371
3400937050432
3400937051552
3400937051613
3400937051903
3400937052092
3400937052153
3400937052382
3400937052733
3400937053914
3400937054393
3400937054454
3400937056007
3400937056175
3400937056236
3400937056984
3400937057356
3400937061957
3400937062329
3400937062787
3400937063098
3400937063210
3400937068291
3400937071024
3400937071253
3400937076807
3400937077637
3400937082020
3400937085960
3400937087681
3400937087803
3400937092425
3400937094085
3400937094726
3400937096966
3400937098397
3400937099578
3400937100731
3400937103923
3400937105934
3400937107655
3400937108195
3400937108317
3400937108546
3400937110266
3400937118590
3400937118651
3400937118712
3400937118880
3400937119832
3400937120371
3400937121033
3400937123563
3400937123624
3400937123792
3400937123853
3400937124164
3400937124225
3400937124393
3400937124454
3400937124515
3400937124744
3400937124973
3400937125055
3400937125284
3400937125574
3400937127936
3400937128018
3400937128186
3400937129138
3400937129367
3400937136860
3400937137232
3400937137522
3400937137812
3400937140423
3400937140881
3400937140942
3400937141192
3400937141772
3400937142083
3400937142205
3400937142434
3400937142724
3400937142953
3400937143615
3400937143844
3400937144094
3400937144216
3400937144674
3400937145046
3400937146166
3400937146456
3400937146746
3400937148528
3400937148696
3400937150309
3400937152488
3400937152600
3400937152778
3400937153089
3400937153201
3400937153430
3400937153720
3400937153959
3400937154321
3400937155960
3400937156103
3400937156912
3400937157223
3400937157452
3400937157513
3400937162715
3400937163484
3400937164085
3400937164665
3400937165266
3400937166447
3400937166508
3400937166676
3400937167277
3400937167628
3400937167918
3400937172240
3400937177092
3400937177382
3400937178044
3400937178563
3400937178853
3400937181693
3400937182645
3400937183307
3400937183765
3400937185608
3400937186148
3400937186209
3400937186438
3400937186896
3400937187268
3400937189620
3400937189910
3400937190398
3400937190688
3400937190978
3400937196482
3400937196543
3400937196604
3400937197434
3400937197953
3400937198493
3400937199155
3400937199216
3400937199384
3400937199445
3400937199506
3400937200837
3400937201148
3400937201728
3400937201957
3400937202787
3400937202909
3400937203159
3400937203388
3400937203739
3400937204040
3400937204279
3400937204569
3400937204859
3400937204910
3400937205221
3400937205801
3400937207980
3400937208062
3400937208581
3400937222549
3400937224321
3400937224499
3400937224550
3400937224611
3400937225212
3400937225441
3400937225731
3400937225960
3400937226042
3400937227452
3400937227681
3400937228633
3400937228862
3400937229814
3400937229982
3400937230414
3400937230582
3400937230933
3400937231183
3400937232425
3400937232883
3400937233026
3400937233255
3400937233484
3400937233545
3400937234146
3400937234375
3400937239349
3400937241069
3400937242240
3400937242301
3400937242530
3400937242769
3400937242820
3400937243070
3400937243599
3400937243711
3400937243889
3400937253765
3400937254366
3400937254885
3400937255318
3400937269155
3400937270274
3400937271455
3400937272407
3400937279550
3400937279789
3400937279840
3400937280440
3400937280730
3400937281270
3400937281621
3400937283571
3400937283922
3400937285582
3400937285933
3400937286534
3400937286824
3400937286992
3400937287135
3400937287364
3400937287425
3400937289146
3400937289436
3400937289665
3400937290265
3400937290494
3400937290555
3400937290616
3400937290784
3400937292627
3400937292856
3400937294058
3400937294119
3400937294287
3400937294409
3400937295987
3400937296069
3400937296588
3400937296649
3400937296700
3400937296878
3400937296939
3400937299190
3400937299541
3400937300124
3400937300414
3400937300582
3400937300643
3400937300704
3400937300872
3400937300933
3400937301244
3400937302715
3400937307567
3400937310697
3400937310758
3400937310819
3400937310987
3400937311069
3400937312011
3400937314022
3400937314251
3400937314480
3400937314602
3400937315081
3400937316781
3400937316903
3400937317733
3400937318044
3400937319393
3400937319744
3400937320573
3400937321006
3400937321174
3400937321464
3400937324076
3400937324366
3400937324656
3400937325776
3400937327848
3400937328210
3400937328500
3400937328739
3400937329798
3400937332989
3400937334471
3400937335652
3400937336604
3400937337205
3400937338493
3400937338554
3400937339445
3400937340625
3400937345996
3400937346368
3400937347488
3400937348140
3400937348430
3400937348959
3400937349550
3400937349901
3400937350389
3400937351621
3400937353113
3400937353403
3400937353861
3400937354172
3400937356534
3400937356824
3400937358026
3400937359207
3400937359436
3400937360906
3400937362917
3400937364577
3400937365758
3400937365987
3400937366069
3400937366410
3400937366649
3400937366700
3400937373791
3400937374514
3400937377355
3400937377416
3400937382786
3400937382908
3400937383158
3400937383387
3400937383967
3400937384339
3400937384568
3400937384797
3400937384919
3400937387811
3400937388290
3400937388412
3400937389532
3400937390712
3400937390941
3400937391191
3400937391252
3400937391313
3400937391542
3400937391832
3400937392082
3400937392204
3400937392891
3400937393324
3400937393492
3400937393553
3400937393614
3400937393782
3400937393904
3400937394734
3400937395793
3400937395915
3400937396394
3400937397056
3400937397117
3400937397407
3400937399586
3400937399647
3400937399708
3400937402989
3400937403702
3400937404532
3400937405362
3400937405942
3400937406772
3400937407083
3400937407144
3400937411394
3400937411455
3400937412865
3400937414876
3400937415019
3400937415477
3400937417310
3400937419789
3400937419840
3400937419901
3400937420099
3400937420389
3400937420440
3400937420730
3400937420969
3400937421560
3400937422970
3400937426473
3400937426992
3400937427425
3400937428606
3400937428835
3400937436069
3400937436298
3400937439602
3400937439831
3400937440141
3400937440660
3400937440721
3400937440950
3400937441902
3400937442442
3400937443043
3400937443791
3400937444453
3400937445405
3400937445863
3400937446693
3400937450607
3400937450836
3400937451147
3400937451376
3400937452328
3400937452557
3400937455220
3400937455459
3400937455510
3400937455688
3400937455749
3400937456111
3400937456289
3400937456340
3400937458580
3400937458641
3400937458870
3400937458931
3400937459013
3400937459181
3400937460590
3400937460880
3400937461191
3400937461481
3400937464215
3400937466745
3400937471657
3400937471947
3400937472258
3400937472548
3400937472838
3400937477680
3400937479462
3400937479981
3400937480291
3400937480581
3400937480642
3400937480871
3400937481014
3400937481243
3400937482363
3400937482424
3400937482653
3400937482714
3400937482943
3400937483315
3400937483773
3400937484145
3400937484893
3400937484954
3400937485326
3400937485616
3400937489928
3400937490757
3400937492539
3400937492768
3400937492829
3400937492997
3400937493420
3400937493888
3400937494250
3400937498913
3400937499163
3400937499224
3400937499453
3400937499682
3400937500326
3400937500555
3400937500784
3400937500906
3400937501446
3400937501507
3400937514514
3400937514972
3400937515115
3400937515573
3400937515924
3400937516693
3400937516983
3400937517065
3400937522496
3400937524568
3400937524629
3400937527460
3400937530941
3400937531191
3400937531542
3400937531832
3400937539876
3400937539937
3400937540827
3400937540995
3400937541138
3400937541367
3400937541596
3400937541657
3400937545730
3400937558518
3400937558747
3400937559409
3400937559638
3400937559867
3400937559928
3400937561419
3400937561877
3400937562768
3400937573474
3400937574136
3400937574945
3400937575256
3400937575317
3400937575485
3400937575546
3400937576956
3400937593007
3400937595247
3400937595308
3400937603782
3400937603843
3400937604215
3400937609418
3400937609708
3400937609937
3400937611657
3400937613729
3400937614610
3400937614788
3400937620932
3400937621304
3400937622363
3400937622653
3400937622714
3400937625494
3400937625616
3400937625784
3400937626217
3400937627276
3400937627795
3400937628228
3400937628747
3400937628976
3400937629119
3400937629287
3400937629867
3400937630009
3400937630757
3400937631129
3400937631297
3400937631358
3400937631419
3400937631587
3400937632249
3400937634199
3400937634250
3400937634311
3400937634489
3400937634540
3400937634601
3400937635141
3400937635202
3400937635431
3400937635660
3400937635899
3400937635950
3400937636322
3400937643825
3400937645195
3400937645485
3400937646086
3400937646376
3400937654821
3400937655071
3400937655361
3400937656313
3400937656603
3400937657433
3400937657891
3400937658553
3400937658843
3400937658904
3400937659215
3400937659383
3400937659673
3400937663984
3400937665537
3400937666367
3400937666428
3400937666886
3400937666947
3400937667487
3400937667838
3400937668088
3400937669269
3400937669320
3400937672689
3400937672740
3400937673402
3400937673860
3400937674690
3400937680554
3400937680844
3400937680905
3400937682626
3400937682794
3400937683227
3400937683395
3400937683456
3400937683746
3400937683975
3400937684057
3400937685467
3400937686877
3400937686938
3400937687249
3400937689021
3400937692212
3400937693332
3400937693561
3400937693622
3400937694513
3400937694681
3400937701297
3400937701358
3400937712354
3400937712644
3400937713474
3400937714136
3400937714365
3400937715317
3400937716208
3400937716376
3400937718448
3400937719100
3400937719568
3400937719629
3400937719858
3400937720229
3400937720977
3400937721110
3400937721349
3400937721578
3400937722001
3400937722988
3400937723411
3400937723640
3400937726313
3400937726481
3400937726771
3400937728263
3400937729505
3400937731454
3400937732284
3400937732345
3400937732406
3400937732635
3400937733175
3400937733236
3400937733755
3400937734066
3400937734127
3400937734295
3400937736428
3400937736596
3400937737487
3400937737548
3400937742160
3400937743570
3400937743631
3400937745871
3400937746243
3400937747653
3400937748315
3400937748483
3400937748834
3400937750783
3400937751506
3400937752107
3400937752336
3400937752565
3400937758420
3400937759540
3400937760430
3400937761321
3400937761550
3400937762380
3400937762502
3400937763103
3400937763271
3400937763790
3400937764162
3400937764452
3400937765343
3400937765572
3400937765633
3400937770026
3400937774567
3400937774796
3400937774918
3400937775229
3400937775519
3400937775748
3400937776110
3400937776288
3400937776349
3400937776400
3400937776578
3400937776639
3400937776868
3400937776929
3400937777230
3400937777520
3400937778701
3400937778879
3400937780421
3400937783613
3400937783842
3400937784092
3400937784153
3400937784214
3400937784382
3400937788236
3400937788984
3400937789875
3400937791137
3400937792486
3400937793209
3400937795500
3400937797740
3400937799461
3400937799522
3400937800044
3400937800273
3400937800334
3400937800914
3400937801164
3400937801683
3400937803526
3400937803694
3400937803755
3400937803816
3400937806886
3400937806947
3400937807029
3400937807197
3400937807258
3400937807319
3400937807487
3400937807609
3400937807777
3400937807838
3400937808088
3400937808200
3400937808439
3400937808729
3400937808958
3400937809269
3400937809498
3400937809610
3400937809788
3400937810159
3400937812160
3400937812399
3400937813112
3400937813280
3400937813341
3400937813570
3400937813921
3400937814461
3400937814522
3400937814690
3400937814812
3400937815123
3400937815291
3400937817592
3400937817714
3400937817882
3400937818025
3400937818193
3400937818315
3400937818834
3400937819084
3400937823227
3400937823456
3400937824057
3400937824286
3400937826877
3400937827300
3400937827829
3400937828130
3400937828369
3400937828598
3400937828888
3400937828949
3400937831031
3400937831260
3400937832212
3400937832502
3400937832960
3400937833271
3400937833851
3400937834513
3400937836173
3400937838474
3400937838535
3400937838825
3400937838993
3400937841207
3400937842495
3400937842617
3400937842846
3400937842907
3400937844048
3400937844109
3400937845458
3400937845519
3400937846578
3400937847230
3400937847469
3400937847520
3400937848121
3400937848299
3400937848350
3400937850711
3400937850889
3400937851770
3400937855914
3400937856164
3400937856225
3400937856393
3400937859707
3400937859875
3400937860185
3400937861717
3400937867979
3400937870290
3400937871761
3400937874205
3400937874663
3400937874892
3400937874953
3400937875035
3400937881647
3400937884310
3400937888912
3400937889452
3400937890052
3400937892292
3400937901499
3400937901840
3400937902151
3400937902380
3400937903851
3400937907415
3400937909426
3400937909594
3400937909655
3400937910194
3400937910255
3400937910316
3400937910545
3400937913737
3400937914277
3400937914628
3400937914796
3400937914857
3400937914918
3400937915168
3400937915687
3400937915748
3400937915809
3400937915977
3400937916059
3400937916288
3400937916349
3400937920070
3400937920360
3400937921541
3400937922142
3400937922371
3400937924962
3400937925044
3400937928007
3400937928175
3400937932837
3400937933087
3400937935388
3400937935968
3400937936620
3400937936859
3400937937160
3400937937399
3400937937450
3400937937511
3400937938402
3400937938860
3400937939003
3400937939522
3400937939690
3400937939751
3400937944892
3400937944953
3400937945493
3400937945783
3400937946094
3400937946384
3400937949637
3400937950527
3400937952309
3400937953887
3400937954020
3400937955959
3400937956321
3400937970518
3400937970747
3400937974240
3400937974998
3400937976602
3400937976770
3400937977142
3400937977203
3400937977371
3400937977432
3400937977661
3400937977722
3400937977951
3400937978781
3400937979962
3400937982863
3400937983464
3400937985536
3400937985994
3400937992398
3400937993050
3400937995290
3400937995412
3400937996303
3400938002157
3400938002386
3400938006810
3400938007589
3400938010251
3400938014273
3400938014563
3400938014624
3400938014792
3400938014853
3400938014914
3400938015164
3400938015225
3400938015393
3400938015454
3400938015515
3400938015683
3400938015744
3400938016284
3400938016574
3400938016925
3400938017236
3400938017694
3400938017984
3400938018295
3400938018585
3400938020946
3400938022087
3400938023909
3400938024159
3400938025569
3400938026399
3400938029123
3400938041019
3400938042139
3400938042597
3400938042887
3400938043488
3400938044201
3400938044430
3400938045789
3400938048452
3400938048513
3400938049053
3400938049282
3400938049862
3400938050813
3400938052183
3400938055375
3400938055665
3400938069044
3400938069105
3400938069273
3400938069624
3400938069914
3400938070804
3400938073065
3400938073355
3400938073584
3400938073645
3400938080339
3400938081459
3400938083989
3400938084931
3400938086072
3400938086713
3400938087253
3400938087314
3400938087772
3400938088373
3400938089554
3400938089615
3400938090673
3400938090734
3400938093056
3400938093346
3400938093636
3400938094527
3400938095418
3400938098488
3400938101942
3400938104844
3400938104905
3400938105094
3400938108576
3400938108866
3400938109986
3400938112139
3400938112658
3400938112887
3400938112948
3400938116502
3400938116731
3400938117042
3400938117103
3400938117271
3400938117561
3400938117790
3400938117912
3400938118162
3400938118223
3400938118513
3400938118681
3400938121124
3400938122763
3400938123135
3400938124255
3400938125955
3400938127676
3400938129397
3400938129748
3400938130058
3400938130119
3400938130287
3400938130577
3400938134650
3400938137552
3400938139853
3400938140163
3400938141283
3400938146608
3400938146776
3400938149500
3400938150629
3400938150797
3400938151459
3400938151510
3400938151749
3400938151800
3400938152050
3400938152111
3400938154061
3400938154351
3400938154641
3400938154931
3400938155242
3400938155532
3400938155822
3400938156362
3400938156652
3400938157024
3400938157314
3400938157772
3400938158373
3400938158434
3400938158892
3400938159035
3400938159783
3400938160154
3400938160383
3400938160734
3400938161274
3400938161564
3400938161793
3400938164237
3400938164985
3400938167368
3400938168020
3400938172799
3400938173451
3400938176124
3400938176292
3400938177534
3400938177824
3400938178074
3400938178425
3400938178593
3400938178654
3400938178715
3400938178883
3400938178944
3400938179255
3400938179316
3400938180374
3400938183047
3400938183337
3400938192032
3400938193213
3400938195163
3400938196863
3400938197235
3400938197464
3400938197693
3400938197815
3400938198065
3400938198294
3400938199017
3400938199536
3400938200348
3400938200577
3400938200867
3400938201000
3400938201239
3400938201529
3400938201697
3400938201819
3400938201987
3400938202120
3400938202298
3400938203820
3400938204599
3400938206371
3400938206661
3400938207262
3400938207323
3400938210224
3400938210392
3400938210453
3400938212754
3400938212983
3400938213874
3400938214765
3400938214994
3400938215137
3400938215427
3400938215656
3400938215885
3400938216318
3400938216776
3400938216837
3400938221688
3400938222630
3400938222920
3400938223699
3400938224641
3400938225303
3400938225532
3400938226881
3400938227024
3400938228144
3400938228373
3400938229554
3400938229783
3400938230734
3400938231045
3400938231915
3400938232226
3400938232394
3400938232745
3400938234466
3400938234817
3400938234985
3400938235128
3400938235296
3400938239898
3400938240030
3400938240610
3400938241501
3400938248593
3400938249835
3400938250084
3400938250374
3400938255058
3400938255409
3400938259131
3400938259650
3400938260199
3400938260311
3400938260489
3400938260540
3400938260601
3400938261080
3400938261141
3400938261202
3400938261370
3400938263381
3400938267235
3400938268355
3400938268706
3400938269017
3400938270426
3400938270884
3400938271256
3400938279702
3400938279870
3400938280180
3400938281651
3400938281880
3400938282023
3400938282191
3400938282313
3400938284553
3400938284614
3400938285215
3400938285444
3400938285673
3400938288407
3400938289237
3400938289985
3400938291247
3400938291827
3400938294088
3400938298512
3400938299403
3400938301625
3400938302684
3400938307658
3400938307719
3400938308488
3400938308600
3400938309959
3400938310788
3400938310849
3400938310900
3400938311099
3400938322156
3400938322446
3400938326000
3400938327649
3400938328301
3400938328998
3400938329599
3400938334913
3400938335224
3400938335453
3400938335682
3400938337006
3400938337464
3400938337525
3400938338294
3400938339017
3400938339475
3400938339994
3400938340655
3400938341027
3400938346169
3400938346510
3400938346978
3400938347111
3400938347401
3400938348170
3400938348460
3400938349351
3400938349702
3400938351712
3400938352191
3400938354904
3400938355505
3400938356045
3400938356564
3400938356915
3400938365900
3400938366501
3400938367102
3400938380118
3400938380576
3400938381009
3400938381177
3400938382587
3400938382709
3400938384949
3400938385540
3400938392814
3400938393293
3400938394764
3400938395594
3400938395716
3400938396027
3400938398618
3400938399097
3400938407815
3400938410075
3400938411775
3400938412956
3400938414448
3400938415797
3400938416220
3400938416459
3400938417340
3400938417920
3400938418170
3400938418521
3400938422771
3400938423082
3400938426915
3400938427165
3400938432886
3400938434439
3400938435610
3400938436679
3400938441352
3400938441413
3400938441581
3400938441642
3400938442014
3400938442182
3400938443363
3400938443424
3400938448795
3400938450637
3400938453768
3400938454659
3400938455489
3400938456899
3400938457032
3400938458381
3400938458442
3400938458732
3400938459852
3400938460223
3400938461114
3400938461633
3400938471977
3400938472868
3400938473230
3400938473759
3400938474121
3400938478723
3400938479263
3400938479324
3400938481853
3400938482393
3400938485066
3400938485417
3400938487657
3400938487718
3400938487886
3400938490497
3400938490619
3400938491500
3400938491739
3400938493160
3400938494112
3400938498134
3400938498943
3400938500417
3400938500646
3400938501537
3400938501995
3400938502138
3400938502596
3400938502718
3400938503548
3400938509342
3400938509571
3400938509861
3400938510232
3400938510980
3400938511062
3400938511123
3400938515145
3400938515664
3400938520347
3400938523188
3400938524598
3400938524659
3400938524949
3400938525311
3400938525540
3400938525601
3400938525779
3400938526080
3400938526141
3400938526202
3400938527032
3400938527322
3400938527841
3400938528152
3400938529272
3400938529562
3400938535365
3400938536546
3400938538847
3400938539219
3400938539448
3400938547771
3400938548143
3400938548433
3400938549904
3400938550092
3400938550382
3400938551853
3400938552454
3400938553635
3400938554465
3400938557718
3400938557886
3400938558197
3400938558609
3400938558838
3400938561388
3400938561678
3400938563160
3400938563399
3400938564631
3400938564921
3400938565522
3400938567991
3400938568134
3400938568714
3400938572445
3400938572506
3400938573107
3400938573626
3400938577648
3400938577709
3400938580259
3400938580600
3400938581430
3400938581959
3400938582789
3400938583151
3400938583960
3400938584332
3400938588293
3400938596397
3400938596748
3400938598179
3400938598520
3400938602814
3400938603293
3400938603583
3400938609097
3400938609677
3400938613988
3400938614060
3400938614930
3400938615470
3400938615821
3400938617603
3400938621914
3400938627886
3400938627947
3400938630268
3400938630329
3400938631968
3400938632040
3400938639025
3400938640892
3400938641905
3400938643275
3400938643855
3400938649130
3400938649369
3400938649420
3400938649598
3400938649659
3400938649710
3400938650488
3400938651089
3400938651720
3400938652321
3400938652840
3400938653212
3400938653441
3400938656282
3400938657005
3400938658293
3400938659535
3400938660593
3400938660654
3400938660715
3400938661316
3400938661484
3400938661545
3400938661835
3400938670479
3400938672022
3400938673081
3400938673371
3400938673661
3400938673890
3400938674033
3400938674323
3400938675214
3400938675443
3400938675962
3400938676105
3400938677225
3400938677973
3400938678116
3400938679007
3400938681185
3400938682595
3400938689921
3400938691870
3400938696325
3400938696615
3400938696844
3400938697155
3400938697384
3400938697674
3400938698046
3400938699395
3400938699517
3400938703740
3400938703979
3400938704280
3400938706871
3400938709544
3400938709834
3400938711325
3400938721898
3400938722499
3400938723670
3400938723731
3400938723960
3400938724042
3400938728583
3400938729535
3400938730715
3400938731255
3400938732146
3400938732375
3400938732894
3400938732955
3400938733327
3400938733495
3400938733556
3400938733617
3400938734737
3400938736397
3400938736458
3400938736748
3400938737578
3400938739299
3400938742312
3400938742602
3400938747393
3400938749816
3400938749984
3400938750065
3400938750126
3400938752946
3400938753318
3400938756449
3400938756678
3400938757101
3400938757620
3400938759112
3400938761870
3400938762303
3400938762761
3400938762822
3400938764482
3400938764604
3400938765144
3400938765373
3400938765663
3400938766035
3400938769807
3400938771008
3400938771695
3400938771756
3400938775198
3400938780802
3400938781052
3400938782004
3400938782172
3400938782462
3400938783063
3400938783414
3400938784015
3400938784305
3400938785364
3400938785654
3400938789676
3400938789966
3400938790047
3400938790108
3400938792577
3400938797541
3400938798081
3400938799613
3400938799903
3400938800593
3400938801316
3400938801774
3400938801835
3400938802146
3400938802375
3400938806229
3400938806397
3400938811940
3400938812480
3400938813081
3400938814552
3400938814781
3400938814903
3400938815153
3400938815962
3400938816105
3400938816334
3400938816563
3400938816624
3400938817164
3400938818925
3400938820065
3400938822656
3400938822885
3400938823486
3400938823837
3400938824728
3400938825558
3400938826500
3400938827040
3400938828511
3400938829112
3400938829341
3400938829570
3400938829631
3400938829921
3400938830170
3400938830460
3400938831290
3400938831580
3400938833423
3400938834253
3400938834604
3400938835205
3400938835724
3400938838336
3400938839166
3400938839456
3400938841527
3400938841817
3400938842586
3400938844368
3400938844597
3400938845778
3400938846201
3400938846720
3400938847321
3400938858907
3400938860108
3400938860337
3400938860795
3400938860856
3400938861396
3400938861518
3400938861747
3400938861976
3400938863529
3400938863697
3400938864649
3400938865530
3400938866070
3400938866650
3400938867022
3400938868722
3400938869033
3400938870152
3400938870381
3400938870503
3400938871043
3400938871272
3400938871562
3400938873573
3400938873863
3400938874235
3400938875416
3400938875584
3400938875706
3400938876475
3400938877595
3400938877885
3400938878196
3400938879667
3400938879728
3400938882278
3400938882568
3400938883978
3400938885750
3400938885989
3400938887303
3400938887532
3400938892963
3400938895056
3400938907094
3400938908916
3400938909517
3400938910575
3400938911176
3400938919622
3400938919912
3400938920222
3400938923933
3400938924244
3400938924473
3400938931457
3400938933987
3400938940091
3400938940671
3400938942163
3400938942224
3400938942453
3400938943054
3400938946994
3400938947076
3400938947137
3400938947366
3400938949957
3400938950496
3400938951158
3400938951738
3400938952339
3400938952858
3400938953688
3400938954111
3400938954920
3400938955231
3400938956931
3400938957303
3400938958423
3400938959482
3400938960082
3400938960204
3400938961492
3400938962093
3400938963045
3400938966527
3400938966985
3400938968019
3400938968477
3400938969368
3400938969719
3400938970319
3400938970777
3400938971200
3400938972559
3400938974041
3400938979992
3400938980073
3400938980363
3400938980592
3400938980943
3400938981193
3400938982664
3400938984156
3400938987119
3400938987638
3400938991710
3400938993899
3400938994780
3400938997682
3400938999815
3400939002538
3400939002767
3400939002996
3400939003078
3400939003368
3400939012704
3400939013824
3400939014944
3400939016207
3400939016955
3400939020228
3400939023410
3400939024479
3400939028033
3400939028262
3400939029214
3400939030104
3400939030272
3400939030333
3400939030562
3400939030623
3400939037257
3400939038087
3400939038148
3400939047423
3400939047881
3400939048543
3400939049892
3400939050034
3400939052274
3400939054926
3400939060439
3400939060668
3400939062389
3400939062969
3400939065922
3400939066233
3400939069593
3400939069715
3400939073385
3400939073446
3400939074566
3400939074856
3400939075167
3400939076287
3400939080130
3400939080710
3400939082660
3400939082721
3400939092546
3400939093956
3400939094618
3400939094786
3400939095219
3400939095677
3400939095738
3400939098111
3400939098579
3400939099460
3400939099989
3400939100913
3400939101804
3400939102863
3400939102924
3400939103235
3400939103464
3400939104294
3400939104355
3400939104416
3400939104584
3400939104645
3400939104706
3400939104874
3400939104935
3400939105185
3400939105765
3400939106595
3400939106885
3400939107196
3400939107486
3400939108087
3400939108209
3400939108957
3400939109329
3400939109619
3400939110158
3400939111568
3400939111919
3400939112459
3400939118314
3400939119892
3400939126357
3400939126647
3400939131320
3400939133560
3400939134680
3400939138015
3400939138473
3400939139135
3400939142784
3400939142906
3400939144337
3400939144627
3400939145228
3400939145518
3400939145747
3400939146577
3400939156682
3400939157283
3400939157573
3400939158006
3400939158464
3400939158815
3400939159126
3400939159584
3400939160535
3400939161365
3400939169002
3400939169460
3400939169699
3400939169750
3400939169989
3400939170060
3400939170411
3400939170701
3400939174723
3400939175324
3400939181127
3400939184609
3400939185668
3400939185897
3400939186788
3400939190051
3400939191690
3400939191812
3400939199795
3400939200439
3400939200668
3400939200729
3400939201030
3400939203799
3400939204741
3400939207414
3400939207872
3400939212265
3400939212494
3400939213095
3400939213156
3400939213217
3400939213385
3400939215747
3400939220710
3400939220888
3400939220949
3400939221021
3400939221250
3400939221489
3400939222950
3400939223322
3400939223612
3400939223902
3400939224213
3400939224503
3400939239521
3400939239699
3400939239811
3400939239989
3400939240879
3400939241180
3400939241470
3400939251127
3400939252018
3400939252995
3400939253947
3400939254487
3400939255149
3400939255439
3400939255729
3400939257440
3400939257679
3400939258331
3400939258621
3400939259802
3400939263991
3400939264363
3400939266664
3400939266954
3400939267494
3400939267784
3400939268156
3400939268446
3400939270685
3400939271286
3400939273129
3400939273648
3400939274249
3400939274829
3400939275369
3400939275710
3400939276250
3400939277431
3400939277950
3400939278551
3400939278902
3400939279442
3400939279961
3400939280790
3400939280912
3400939281223
3400939281742
3400939282114
3400939282572
3400939283005
3400939283524
3400939285306
3400939286945
3400939289908
3400939290447
3400939295350
3400939295701
3400939299372
3400939302485
3400939303895
3400939303956
3400939304847
3400939305509
3400939305677
3400939307510
3400939307688
3400939307749
3400939308869
3400939311241
3400939312361
3400939313832
3400939314082
3400939314204
3400939314433
3400939314662
3400939314723
3400939315492
3400939315843
3400939316963
3400939317106
3400939318516
3400939320694
3400939320755
3400939320816
3400939321936
3400939322018
3400939322186
3400939322827
3400939323947
3400939324197
3400939324487
3400939326849
3400939327150
3400939329161
3400939329680
3400939332703
3400939333014
3400939339047
3400939339856
3400939340456
3400939343129
3400939343358
3400939343587
3400939343709
3400939347431
3400939349381
3400939354415
3400939354644
3400939354873
3400939355016
3400939369204
3400939370613
3400939371214
3400939374925
3400939375236
3400939378138
3400939378428
3400939383620
3400939388243
3400939388472
3400939389653
3400939389882
3400939390543
3400939391144
3400939391892
3400939392325
3400939394626
3400939394855
3400939396347
3400939396637
3400939396866
3400939397177
3400939397528
3400939397696
3400939397757
3400939397818
3400939397986
3400939399188
3400939399300
3400939399768
3400939401690
3400939401812
3400939404073
3400939409627
3400939409917
3400939410807
3400939412467
3400939416199
3400939416830
3400939417370
3400939417899
3400939418261
3400939419671
3400939419961
3400939423524
3400939423692
3400939423814
3400939425764
3400939425993
3400939432687
3400939432748
3400939433059
3400939434698
3400939439372
3400939440842
3400939441962
3400939442563
3400939446417
3400939450377
3400939454221
3400939454399
3400939454689
3400939454979
3400939455051
3400939457413
3400939457703
3400939458472
3400939461724
3400939463506
3400939464565
3400939464916
3400939467757
3400939468129
3400939468297
3400939473901
3400939476681
3400939476803
3400939478692
3400939478814
3400939479873
3400939480244
3400939482255
3400939482316
3400939491301
3400939491530
3400939492711
3400939492940
3400939493251
3400939497914
3400939498744
3400939499284
3400939499406
3400939500157
3400939500386
3400939500966
3400939501048
3400939501109
3400939503868
3400939504520
3400939507361
3400939507941
3400939510491
3400939511092
3400939517308
3400939520896
3400939521787
3400939522500
3400939524450
3400939524689
3400939526461
3400939526690
3400939526812
3400939533384
3400939534626
3400939534794
3400939535166
3400939535456
3400939536057
3400939536637
3400939538587
3400939541198
3400939541488
3400939541549
3400939541778
3400939542379
3400939544441
3400939545103
3400939554785
3400939559230
3400939559520
3400939559759
3400939565033
3400939565323
3400939565613
3400939569574
3400939574486
3400939574776
3400939578330
3400939580289
3400939582290
3400939584133
3400939585543
3400939585772
3400939586373
3400939591575
3400939591865
3400939592008
3400939592237
3400939592527
3400939592756
3400939592985
3400939593128
3400939593357
3400939593586
3400939593708
3400939594828
3400939594996
3400939598840
3400939598901
3400939599212
3400939599441
3400939599731
3400939600024
3400939600543
3400939601083
3400939601892
3400939602325
3400939602905
3400939603384
3400939605227
3400939614731
3400939615103
3400939615271
3400939616742
3400939616803
3400939618524
3400939618753
3400939621425
3400939627748
3400939627977
3400939628110
3400939628288
3400939628349
3400939628400
3400939629698
3400939629810
3400939630069
3400939630939
3400939631301
3400939631769
3400939632131
3400939632360
3400939636153
3400939637044
3400939638973
3400939639864
3400939640983
3400939641355
3400939641706
3400939650340
3400939650579
3400939650630
3400939650920
3400939651002
3400939651231
3400939652290
3400939652351
3400939652580
3400939652641
3400939652931
3400939653242
3400939653303
3400939653990
3400939654072
3400939660974
3400939663586
3400939665429
3400939665887
3400939666259
3400939668031
3400939668901
3400939670270
3400939670799
3400939671741
3400939672861
3400939674643
3400939674704
3400939675183
3400939675244
3400939678207
3400939678726
3400939679495
3400939679556
3400939680507
3400939680965
3400939681917
3400939682167
3400939682228
3400939682396
3400939682457
3400939682518
3400939686820
3400939687421
3400939689203
3400939689432
3400939691381
3400939691961
3400939695006
3400939695693
3400939699257
3400939699837
3400939702889
3400939703480
3400939705903
3400939706504
3400939711355
3400939711874
3400939711935
3400939712017
3400939712475
3400939715896
3400939717210
3400939717449
3400939717968
3400939718101
3400939718330
3400939718620
3400939723471
3400939724133
3400939725192
3400939726205
3400939728155
3400939728384
3400939728964
3400939730165
3400939730745
3400939730974
3400939732008
3400939734996
3400939735887
3400939736259
3400939736600
3400939737140
3400939738031
3400939738550
3400939740270
3400939740560
3400939740911
3400939741451
3400939742403
3400939742571
3400939743004
3400939743233
3400939743462
3400939743523
3400939749266
3400939749556
3400939749785
3400939749907
3400939752976
3400939754000
3400939755120
3400939755588
3400939755878
3400939758312
3400939763163
3400939791838
3400939792088
3400939792200
3400939793320
3400939796451
3400939803296
3400939803418
3400939808901
3400939809151
3400939809212
3400939815763
3400939815824
3400939816074
3400939826011
3400939826240
3400939827599
3400939827650
3400939829890
3400939830261
3400939831503
3400939831961
3400939833514
3400939833804
3400939835983
3400939836065
3400939837994
3400939838366
3400939838595
3400939838885
3400939839028
3400939839547
3400939843629
3400939844510
3400939845340
3400939845869
3400939846460
3400939851952
3400939852782
3400939853154
3400939853505
3400939855394
3400939855516
3400939856636
3400939856926
3400939857817
3400939858067
3400939858647
3400939858876
3400939872254
3400939872544
3400939879697
3400939882710
3400939883199
3400939884370
3400939884660
3400939885261
3400939888743
3400939889054
3400939889115
3400939889344
3400939889405
3400939890173
3400939891125
3400939891415
3400939892016
3400939892306
3400939892993
3400939893365
3400939897158
3400939897738
3400939898049
3400939901152
3400939903392
3400939904344
3400939904634
3400939909608
3400939911496
3400939914169
3400939914459
3400939914749
3400939917351
3400939917702
3400939918532
3400939919072
3400939921082
3400939921433
3400939922492
3400939922843
3400939924106
3400939925226
3400939925516
3400939932149
3400939932439
3400939935799
3400939968568
3400939968797
3400939969749
3400939969978
3400939970929
3400939971179
3400939975481
3400939975603
3400939976723
3400939976952
3400939977904
3400939978154
3400939980225
3400939981635
3400939981864
3400939981925
3400939982007
3400939982236
3400939982526
3400939983936
3400939984247
3400939985138
3400939987378
3400939987668
3400939988610
3400939989099
3400941507366
3400941509087
3400941509377
3400941511509
3400941520204
3400941529368
3400941529597
3400941530548
3400941530777
3400941531668
3400941531897
3400941532610
3400941532849
3400941533150
3400941533211
3400941533730
3400941533969
3400941537813
3400941553899
3400941557392
3400941557453
3400941557682
3400941557743
3400941558054
3400941558634
3400941559174
3400941560125
3400941560583
3400941561474
3400941561993
3400941564895
3400941565328
3400941565908
3400941566448
3400941567339
3400941567919
3400941572821
3400941573071
3400941573132
3400941580574
3400941581984
3400941582356
3400941583995
3400941584428
3400941585777
3400941586378
3400941587030
3400941587559
3400941588099
3400941591051
3400941591570
3400941592522
3400941593062
3400941593871
3400941594304
3400941595363
3400941598494
3400941598555
3400941600838
3400941601439
3400941602849
3400941603099
3400941603440
3400941608292
3400941609244
3400941610424
3400941615276
3400941619410
3400941619588
3400941619878
3400941620010
3400941626104
3400941626623
3400941626913
3400941627224
3400941627682
3400941628115
3400941635267
3400941636509
3400941637858
3400941639111
3400941640001
3400941656378
3400941656729
3400941656958
3400941660511
3400941660979
3400941661341
3400941666025
3400941681271
3400941686245
3400941686535
3400941688195
3400941689727
3400941690266
3400941691447
3400941691966
3400941693519
3400941694059
3400941701245
3400941701306
3400941701474
3400941701825
3400941701993
3400941703546
3400941703836
3400941704208
3400941714313
3400941714603
3400941715143
3400941715372
3400941715723
3400941715891
3400941719165
3400941719455
3400941720055
3400941720345
3400941720925
3400941721175
3400941724657
3400941730221
3400941730689
3400941739095
3400941739446
3400941744297
3400941744648
3400941746888
3400941750212
3400941750441
3400941751561
3400941751622
3400941751790
3400941751851
3400941751912
3400941752223
3400941752452
3400941752681
3400941758485
3400941758607
3400941758775
3400941759086
3400941765698
3400941766589
3400941766640
3400941766701
3400941766879
3400941766930
3400941771033
3400941771491
3400941772153
3400941772733
3400941774393
3400941775925
3400941778766
3400941779077
3400941779138
3400941780486
3400941784279
3400941784569
3400941788642
3400941796746
3400941797637
3400941797927
3400941800160
3400941801341
3400941805073
3400941805653
3400941816130
3400941816369
3400941816420
3400941816598
3400941822391
3400941822452
3400941823404
3400941823862
3400941825583
3400941825644
3400941859014
3400941859533
3400941861604
3400941861833
3400941862373
3400941862663
3400941879173
3400941879753
3400941889578
3400941898563
3400941899973
3400941900037
3400941900266
3400941902048
3400941902109
3400941914164
3400941914683
3400941915406
3400941916007
3400941916755
3400941916816
3400941918476
3400941941429
3400941941719
3400941945380
3400941945441
3400941945502
3400941945670
3400941946561
3400941948404
3400941949005
3400941950414
3400941950933
3400941951183
3400941960697
3400941961700
3400941962011
3400941963940
3400941964312
3400941965722
3400941966903
3400941967382
3400941967443
3400941967733
3400941971006
3400941971464
3400941971983
3400941972294
3400941976087
3400941976209
3400941977039
3400941977329
3400941978739
3400941979040
3400941979798
3400941979910
3400941987724
3400941987953
3400941988035
3400941988264
3400941988325
3400941989155
3400941989216
3400941989384
3400941989445
3400941992865
3400941994296
3400941994418
3400941994708
3400941994937
3400941999031
3400941999499
3400949000067
3400949000074
3400949000128
3400949000135
3400949000159
3400949000289
3400949000340
3400949000401
3400949000425
3400949000524
3400949000531
3400949000579
3400949000586
3400949000593
3400949000616
3400949000654
3400949000760
3400949000784
3400949000821
3400949000852
3400949000890
3400949000906
3400949000937
3400949000944
3400949001187
3400949001194
3400949001224
3400949001248
3400949001293
3400949001453
3400949001675
3400949001682
3400949001699
3400949001705
3400949001873
3400949001910
3400949001972
3400949002009
3400949002016
3400949002139
3400949002160
3400949002207
3400949002214
3400949002313
3400949002351
3400949002405
3400949002412
3400949002429
3400949002504
3400949002535
3400949002559
3400949002597
3400949002627
3400949002634
3400949002719
3400949002757
3400949002771
3400949002818
3400949002825
3400949002832
3400949002856
3400949002863
3400949002986
3400949002993
3400949003013
3400949003051
3400949003129
3400949003228
3400949003235
3400949003242
3400949003266
3400949003273
3400949003297
3400949003327
3400949003334
3400949003341
3400949003365
3400949003389
3400949003419
3400949003426
3400949003570
3400949003587
3400949003624
3400949003761
3400949003792
3400949003815
3400949003846
3400949003853
3400949003860
3400949004027
3400949004034
3400949004058
3400949004065
3400949004089
3400949004140
3400949004157
3400949004188
3400949004195
3400949004201
3400949004225
3400949004249
3400949004256
3400949004263
3400949004300
3400949004324
3400949004393
3400949004409
3400949004416
3400949004423
3400949004430
3400949004447
3400949004454
3400949004461
3400949004522
3400949004553
3400949004577
3400949004584
3400949004591
3400949004607
3400949004614
3400949004669
3400949004676
3400949004683
3400949004690
3400949004706
3400949004713
3400949004744
3400949004751
3400949004782
3400949004812
3400949004829
3400949004843
3400949004867
3400949004904
3400949004935
3400949004942
3400949004959
3400949004966
3400949004973
3400949004980
3400949005000
3400949005086
3400949005093
3400949005130
3400949005161
3400949005178
3400949005185
3400949005215
3400949005239
3400949005246
3400949005260
3400949005277
3400949005352
3400949005369
3400949005376
3400949005383
3400949005406
3400949005413
3400949005420
3400949005444
3400949005468
3400949005475
3400949005482
3400949005499
3400949005505
3400949005543
3400949005550
3400949005598
3400949005604
3400949005611
3400949005628
3400949007813
3400949009534
3400949009824
3400949009992
3400949012893
3400949013265
3400949014095
3400949023202
3400949023370
3400949023431
3400949023721
3400949023899
3400949023950
3400949024032
3400949024261
3400949026043
3400949027682
3400949028115
3400949028344
3400949100644
3400949101016
3400949102426
3400949102884
3400949105496
3400949105786
3400949106097
3400949106387
3400949106677
3400949107049
3400949113422
3400949120406
3400949121175
3400949123018
3400949123766
3400949125777
3400949126439
3400949129102
3400949131341
3400949131570
3400949131631
3400949133932
3400949134014
3400949140855
3400949147489
3400949152162
3400949152803
3400949157365
3400949158027
3400949162567
3400949163458
3400949172214
3400949172733
3400949175345
3400949179596
3400949179886
3400949183739
3400949184101
3400949185399
3400949185689
3400949186280
3400949187232
3400949187751
3400949188123
3400949188703
3400949189182
3400949190133
3400949191482
3400949205592
3400949206254
3400949206773
3400949208494
3400949209095
3400949212118
3400949215188
3400949215300
3400949215539
3400949215768
3400949218899
3400949221271
3400949221851
3400949222162
3400949242962
3400949243273
3400949243624
3400949244454
3400949244515
3400949245406
3400949245635
3400949245925
3400949246175
3400949246236
3400949246694
3400949246755
3400949246816
3400949247127
3400949247295
3400949250196
3400949250318
3400949252619
3400949253678
3400949253739
3400949255689
3400949267408
3400949269068
3400949269129
3400949275731
3400949278404
3400949279173
3400949279524
3400949280124
3400949280414
3400949281015
3400949285785
3400949288168
3400949288229
3400949288809
3400949288977
3400949289110
3400949289349
3400949289578
3400949289639
3400949290468
3400949291069
3400949291588
3400949292011
3400949295371
3400949297153
3400949297672
3400949298563
3400949304578
3400949311262
3400949311491
3400949311781
3400949311903
3400949312214
3400949312443
3400949322039
3400949322787
3400949327461
3400949328062
3400949332373
3400949333035
3400949335046
3400949335107
3400949336456
3400949336517
3400949337118
3400949337286
3400949337347
3400949344550
3400949350872
3400949351183
3400949352883
3400949353194
3400949362998
3400949363131
3400949363599
3400949363940
3400949375547
3400949376148
3400949378098
3400949378449
3400949378678
3400949389735
3400949390915
3400949391974
3400949392117
3400949393527
3400949395309
3400949395767
3400949397198
3400949397488
3400949398959
3400949399031
3400949399260
3400949399550
3400949404674
3400949407118
3400949408528
3400949408986
3400949413379
3400949413669
3400949413720
3400949413898
3400949413959
3400949430178
3400949430697
3400949431700
3400949433599
3400949434190
3400949440924
3400949441693
3400949442584
3400949443246
3400949444137
3400949444946
3400949445608
3400949446438
3400949452460
3400949457083
3400949457205
3400949458783
3400949460274
3400949460564
3400949460854
3400949461745
3400949464708
3400949464937
3400949465248
3400949465309
3400949465477
3400949465538
3400949465767
3400949465828
3400949467020
3400949476534
3400949476824
3400949478545
3400949479207
3400949481385
3400949481507
3400949481736
3400949482108
3400949483518
3400949484928
3400949485000
3400949485529
3400949485697
3400949487189
3400949490899
3400949491032
3400949491322
3400949494743
3400949495863
3400949497294
3400949497706
3400949498246
3400949498994
3400949500062
3400949500086
3400949500093
3400949500130
3400949500185
3400949500222
3400949500444
3400949500451
3400949500468
3400949500499
3400949500505
3400949500529
3400949500536
3400949500550
3400949500574
3400949500581
3400949500598
3400949500604
3400949500611
3400949500765
3400949500819
3400949500826
3400949500833
3400949500840
3400949500857
3400949500918
3400949500925
3400949500932
3400949500963
3400949500970
3400949500987
3400949500994
3400949501007
3400949501021
3400949501045
3400949501052
3400949501076
3400949501083
3400949501090
3400949501106
3400949501113
3400949501120
3400949501137
3400949501144
3400949501151
3400949501168
3400949501175
3400949501182
3400949501199
3400949501205
3400949501212
3400949501229
3400949501236
3400949501243
3400949501267
3400949501274
3400949501328
3400949501335
3400949501410
3400949501465
3400949501519
3400949501533
3400949501588
3400949501649
3400949501878
3400949501939
3400949502011
3400949502301
3400949502820
3400949502998
3400949503131
3400949503940
3400949504190
3400949504480
3400949504541
3400949504831
3400949505081
3400949505142
3400949506323
3400949506491
3400949506781
3400949506842
3400949507153
3400949507214
3400949508914
3400949510405
3400949510573
3400949510634
3400949510863
3400949511006
3400949512294
3400949512645
3400949600915
3400949605538
3400949606139
3400949610969
3400949615353
3400949617135
3400949617593
3400949617944
3400949618835
3400949619375
3400949620036
3400949620906
3400949621217
3400949621736
3400949622108
3400949622795
3400949623686
3400949624348
3400949624638
3400949625178
3400949625529
3400949625987
3400949626298
3400949626359
3400949636815
3400949637294
3400949639076
3400949639595
3400949642557
3400949644339
3400949656516
3400949656806
3400949657117
3400949657407
3400949666331
3400949666621
3400949666911
3400949667390
3400949669233
3400949695256
3400949695317
3400949696086
3400949697618
3400949700202
3400949702091
3400949710027
3400949717699
3400949717750
3400949717811
3400949718061
3400949718122
3400949718351
3400949718412
3400949718580
3400949718702
3400949718870
3400949719013
3400949719181
3400949719242
3400949719471
3400949719532
3400949720651
3400949720712
3400949720880
3400949721023
3400949721191
3400949721313
3400949721481
3400949721542
3400949721771
3400949721832
3400949722891
3400949723034
3400949723782
3400949725625
3400949725854
3400949726165
3400949726226
3400949726394
3400949726516
3400949726745
3400949726806
3400949727056
3400949728985
3400949729586
3400949729647
3400949730827
3400949731077
3400949731718
3400949731947
3400949734610
3400949734788
3400949737161
3400949737390
3400949737970
3400949739523
3400949739691
3400949740291
3400949740352
3400949740413
3400949740581
3400949740642
3400949741823
3400949741991
3400949742073
3400949742134
3400949746156
3400949746385
3400949750818
3400949750986
3400949751877
3400949751938
3400949752478
3400949752829
3400949753079
3400949753420
3400949753659
3400949754779
3400949755370
3400949755950
3400949756032
3400949757152
3400949757381
3400949758333
3400949758562
3400949758791
3400949759804
3400949760053
3400949761005
3400949761173
3400949761463
3400949761982
3400949762064
3400949762415
3400949762644
3400949763016
3400949763184
3400949763245
3400949763535
3400949763764
3400949763993
3400949764594
3400949764655
3400949765027
3400949765256
3400949765607
3400949765775
3400949765836
3400949766376
3400949766666
3400949766727
3400949767786
3400949767908
3400949769278
3400949793921
3400949800308
3400949814664
3400949814893
3400949814954
3400949815845
3400949815906
3400949818396
3400949818518
3400949818747
3400949819348
3400949819638
3400949820528
3400949820818
3400949820986
3400949821297
3400949855018
3400949855827
3400949858439
3400949871445
3400949874408
3400949875986
3400949877539
3400949879311
3400949884452
3400949886234
3400949887415
3400949890835
3400949896110
3400949896349
3400949896639
3400949896929
3400949898879
3400949899012
3400949911929
3400949912001
3400949912179
3400949912469
3400949913299
3400949913350
3400949913589
3400949913701
3400949913879
3400949914012
3400949914302
3400949914531
3400949914821
3400949914999
3400949915071
3400949915590
3400949916542
3400949921744
3400949922574
3400949924585
3400949926138
3400949926367
3400949929559
3400949929610
3400949930968
3400949931279
3400949931859
3400949933631
3400949933921
3400949939206
3400949939893
3400949940264
3400949941155
3400949941445
3400949943807
3400949944118
3400949945009
3400949945528
3400949946877
3400949947010
3400949951321
3400949952670
3400949953622
3400949953851
3400949954391
3400949954513
3400949954971
3400949955114
3400949955572
3400949956234
3400949956982
3400949960194
3400949960255
3400949968879
3400949970889
3400949974153
3400949974214
3400949978694
3400949980246
3400949980994
3400949991822
3400949998685
9999999999999
